Date,Strategy_Return,Benchmark_Return,Strategy_Equity,Benchmark_Equity
2022-01-31,0.005190790933820004,0.00645888598802401,1.005204286429741,1.0064797895725164
2022-02-01,0.010358105893518647,0.014556614964955078,1.0156704099048135,1.0212378816752223
2022-02-02,-0.035511252585310946,-0.062305522123984936,0.9802355728373716,0.9595507995423719
2022-02-03,0.01852137984305395,0.01948697444995491,0.9985600617923784,0.9784329216476089
2022-02-04,-0.010743003245063,-0.00955172844169428,0.9878899449794607,0.9691316882263191
2022-02-07,0.011161584186339234,0.00850462109280663,0.9989781274940277,0.9774089335512498
2022-02-08,0.019112183322937452,0.02040086635892437,1.0182543996670685,0.9975537093467465
2022-02-09,-0.017446231100968754,-0.02242004995009926,1.0006437643757229,0.975437356628501
2022-02-10,-0.02718552957658573,-0.03267546637593853,0.9738071700235552,0.9440795908618655
2022-02-11,-0.004778532088209022,0.00388554622170958,0.9691649016616367,0.9477549915947444
2022-02-14,0.019355160655954166,0.02979373849594319,0.9881059563052119,0.9764170101531038
2022-02-15,-0.0007098938539152489,-0.0006857697492613898,0.9874047548785528,0.9757476424471709
2022-02-16,-0.02121359081618665,-0.0340855639886173,0.966678965881806,0.9430491724057861
2022-02-17,-0.004332507238569545,-0.01115059353172043,0.9624998817578566,0.9325920244565465
2022-02-18,-0.019795680144959693,-0.01233930161831783,0.9436338906012853,0.9211551965269874
2022-02-22,-0.0388767377205401,-0.02789201203850774,0.9076524358735684,0.8958173293855747
2022-02-23,0.019292775412408977,0.034089895450302374,0.9253335812313467,0.9268821381647511
2022-02-24,0.024182015137382582,0.01735111971282641,0.9479827595843958,0.9431049157797218
2022-02-25,0.0030522296354199827,0.00960210834928988,0.9508806409069458,0.952204328223809
2022-02-28,-0.017784992401775418,-0.017541162392081887,0.9341187329581205,0.9356471976696199
2022-03-01,0.022667690964524517,0.01862427070108365,0.9555348577679743,0.9532362273719676
2022-03-02,-0.009976889051660545,-0.01246884691084393,0.9460489909114255,0.9414242645963135
2022-03-03,-0.003969150476857074,-0.00801542408134436,0.9423014223597513,0.9339085110896191
2022-03-04,-0.04275110361703617,-0.03969275952875378,0.9028659574621968,0.8975651605730255
2022-03-07,0.00031681277076875695,0.0008755349541623901,0.9031520422430763,0.898351354364596
2022-03-08,0.03133273307271403,0.037040653498620915,0.9318982611710259,0.9322508291720871
2022-03-09,0.0029892368515576197,-0.005287563628381691,0.9346880934525665,0.9273345027439821
2022-03-10,-0.024183602958729303,-0.0201228241983206,0.9123551022437146,0.9088604123939769
2022-03-11,-0.005511221226362198,-0.01711439576621762,0.9073407417552213,0.8934381632703988
2022-03-14,0.038815541272231004,0.03533857543883,0.943252114757192,0.9255754945608892
2022-03-15,0.02225123337146739,0.03304915993869581,0.964475889593132,0.9566760804934334
2022-03-16,0.009096405044513872,0.01591058241836212,0.9732891767846743,0.9720190885490368
2022-03-17,0.0134559414415608,0.02377829532480245,0.986474208518505,0.9954090299045218
2022-03-18,-0.0004027495156498443,0.0029617302909738003,0.9860769865046793,0.9983615330811034
2022-03-21,0.011411732155622323,0.017852314142277892,0.9973942851313379,1.0163446392207998
2022-03-22,-0.00907266021515777,-0.009897836612961172,0.9883861911600029,1.006334646396823
2022-03-23,0.029747508371798508,0.02677026114062281,1.018229904991438,1.0336383203449775
2022-03-24,0.007762041711791844,0.0026925618181721602,1.02616420131943,1.0364252056669254
2022-03-25,0.006694848163724963,0.017339616121796332,1.0330572630931567,1.0545531323203896
2022-03-28,-0.001149753735020807,0.008314562658816391,1.0318701842013898,1.0633578333113707
2022-03-29,-0.005211028893100459,-0.00858477792002578,1.0265070646791885,1.0542682144665902
2022-03-30,-0.012249330886016289,-0.01581419527090949,1.0140097381949562,1.037726949185319
2022-03-31,9.615809618070408e-05,0.00239584931946757,1.0141072481289992,1.0402161672953798
2022-04-01,0.008572869859874476,0.01976432553294414,1.0228384297589554,1.0609798524639287
2022-04-04,-0.02096006005257423,-0.02170765156170999,1.0016227920731888,1.0381966510667193
2022-04-05,-0.013095053361802486,-0.02341799884700067,0.9885919938715245,1.014166628773584
2022-04-06,0.00046904598851067844,0.0013612311999309003,0.9890557977446937,1.0155480840573021
2022-04-07,-0.00232734627950051,-0.014425131708216651,0.9867565989672629,1.001003822832609
2022-04-08,-0.022366079006797053,-0.02744828956213118,0.9649317014081978,0.9739016359510354
2022-04-11,-0.004188360621203068,-0.00309547308175342,0.960898671255945,0.9708916107821093
2022-04-12,0.0002207799914688861,0.013975371854142998,0.9611108418770394,0.9845554382169195
2022-04-13,-0.01633029468607079,-0.025108876495963835,0.9455430776560376,0.9601421352320362
2022-04-14,0.002088307567376809,0.00806481629162807,0.9475197256264933,0.9679168137038056
2022-04-18,0.010659703440758924,0.0174249818030007,0.9576740296889134,0.9849305480876094
2022-04-19,-0.004946525083302584,-0.02162571093174962,0.9529485680220183,0.9638593853954045
2022-04-20,-0.03230146021399274,-0.021666579883736888,0.9226587736718919,0.9432004613114978
2022-04-21,-0.03048494931433876,-0.02524156767398237,0.8949559723610478,0.9196905645999205
2022-04-22,0.01774067849643919,0.01278469986786675,0.910974770576634,0.9315240148147534
2022-04-25,-0.0448042926580333,-0.04556463342605207,0.8710600428501221,0.8900319287500886
2022-04-26,-0.013316736873364297,-0.00449113122445612,0.8595372586836847,0.8860436412291555
2022-04-27,0.06608885454386876,0.04585118231736697,0.9182622522743149,0.9276155678506532
2022-04-28,-0.026326487326185116,-0.04540117659593667,0.8944030749113897,0.8864424556648043
2022-04-29,0.028736575483726733,0.020533112460066283,0.9204780142723888,0.9048320297973841
2022-05-02,0.0023060346878660976,0.0024938778478453298,0.9226031178422539,0.9070913864612921
2022-05-03,0.02863113464711038,0.034452734281525024,0.9494000750561227,0.9388877557954635
2022-05-04,-0.04053777074217513,-0.05356637084331054,0.9116831572644145,0.8899182150717082
2022-05-05,-0.011874635197167577,-0.004893553450783241,0.9009212755244026,0.8855739907356341
2022-05-06,-0.05985205152509008,-0.04581029863030275,0.8485812418542011,0.8459207788876841
2022-05-09,0.01642555990114886,0.01312399884934801,0.8626347664104729,0.8570958123818943
2022-05-10,-0.012550439675027385,-0.03397840080121428,0.8518759758101515,0.828462282920761
2022-05-11,-0.016482630578068955,-0.004796219126083729,0.8379499032388414,0.8244983099145913
2022-05-12,0.019788562995655457,0.03603025961028605,0.8546968805053018,0.8547468573103241
2022-05-13,0.0021930027904049276,-0.01087109953529044,0.8565732898826888,0.8455051439558181
2022-05-16,0.03325663072967934,0.028414866202255678,0.8855390130230143,0.8698746479434731
2022-05-17,-0.04303683867776217,-0.05228368508307535,0.848236658430963,0.825562880730484
2022-05-18,-0.015772219752276308,-0.01174183919337908,0.8349630358625625,0.8159259425509015
2022-05-19,0.010244779589278528,-0.005439932441163239,0.8435610151311199,0.8114994114775653
2022-05-20,0.00377885371327683,0.013736571165048722,0.8467547393133057,0.8227235449551034
2022-05-23,-0.012698680917598251,-0.029922985472615137,0.8360700553403807,0.798469880959492
2022-05-24,0.013036449941503747,0.01630136144711214,0.8470407951427704,0.811592696374971
2022-05-25,0.019791998984249534,0.03257477885580916,0.8639724284283596,0.8384654599269398
2022-05-26,0.03052518092999057,0.03954659267779184,0.8907519892230424,0.8722882929057739
2022-05-27,-0.0006992006918231858,-0.0018257242709560997,0.8901293925013287,0.8706971878996238
2022-05-31,-0.006100583637798216,-0.00854333634743018,0.884715614088341,0.8632902141526505
2022-06-01,0.03155890974089753,0.023932776413731892,0.9130815185614628,0.8842003667687472
2022-06-02,-0.024742037525083978,-0.0330792790673101,0.8907672104217084,0.8554301288604294
2022-06-03,0.007543199932701123,0.008323566593997,0.8975118516914653,0.8625800737456919
2022-06-06,0.0042959154165772406,0.00907381525266203,0.9013757803045935,0.870442583510003
2022-06-07,-0.0030979931307396503,-0.00491641635746516,0.8985876453703727,0.8661736279345041
2022-06-08,-0.03644816952297118,-0.03040212745642199,0.8664254574400917,0.8402363784439445
2022-06-09,-0.03671454096860325,-0.03937481813553275,0.8351919154437712,0.8077950998157277
2022-06-10,-0.05060043546786121,-0.05035376409832217,0.7939822468204025,0.7681266841975533
2022-06-13,0.008353875848973454,0.00272307999043144,0.8006428581613099,0.7702212050810939
2022-06-14,0.017287331927417732,0.02829474550485069,0.8146041661935509,0.7923256633696921
2022-06-15,-0.042734983666427945,-0.045116400571772707,0.7805254337744209,0.7573731751714718
2022-06-16,0.006784170302383571,0.012053465191207719,0.78583865375872,0.7665573859631798
2022-06-17,0.02492461557611676,0.026371409087223803,0.8056715166189603,0.7870414946545238
2022-06-21,-0.0034968878443187223,-0.00201587748276595,0.8028590939152752,0.7854565135280778
2022-06-22,0.0042188449708579325,0.0099826982575623,0.806253386929468,0.7933367564994123
2022-06-23,0.04039995212049753,0.04151890436326429,0.8394929016770583,0.8269685764518943
2022-06-24,-0.008057759828449113,-0.00805341455317925,0.83275564953021,0.8203354013884523
2022-06-27,-0.0348035310735199,-0.03684317431806156,0.8042713644155874,0.7906616356278539
2022-06-28,-0.0020432762371868163,0.0012140740973395694,0.8026296936130589,0.7916221403834217
2022-06-29,-0.017914248775424187,-0.014805200843605478,0.788379210064621,0.7799883484200749
2022-06-30,0.004362832815995655,0.0018778622956532396,0.7918262908044933,0.781454435254386
2022-07-01,0.027393246564398673,0.02100463418579835,0.813816804299285,0.7980421998989903
2022-07-05,0.00880325310682704,0.007773840556476649,0.8210126666372848,0.8042702292071223
2022-07-06,0.01700140397965084,0.0239171504974696,0.8350903658889437,0.8237379596371918
2022-07-07,0.0023677210034580946,0.0029627796894636195,0.8370699695377917,0.8261821327187014
2022-07-08,-0.017086918122034007,-0.029004032801020062,0.8228885271147433,0.8025636897848872
2022-07-11,-0.013931533270980189,-0.011041001700663269,0.811503914906575,0.7937513209323547
2022-07-12,-0.0044968299785217835,0.00023787974837752025,0.8078629123944956,0.7939401607565468
2022-07-13,0.00846876938278236,0.0012547750122319,0.8147335690321469,0.794937002306615
2022-07-14,0.019404943002537752,0.01831555006799804,0.8306978192400148,0.8096308630808018
2022-07-15,-0.018939316286286485,-0.0060041025489121404,0.8151130190827,0.8047843204809978
2022-07-18,0.02853968651292381,0.032803473883436976,0.8387112301593328,0.8316218169392359
2022-07-19,0.008169220914467952,0.01594514444988825,0.8455909100340602,0.8449884300249628
2022-07-20,0.011739801846009836,0.01803090824406282,0.8555764793768964,0.8603625268131601
2022-07-21,-0.014060594852980366,-0.022700298846746573,0.8436307440128934,0.8410520463989306
2022-07-22,0.0021334379548805776,-0.00575142512099586,0.8454324991450676,0.8362286824354939
2022-07-25,-0.009682387275096868,-0.02379993583304566,0.837286195747531,0.8165614610993189
2022-07-26,0.034546110989520526,0.046254819463298,0.8667166037884219,0.8552185094487097
2022-07-27,0.010900309127057198,0.00606819945568439,0.8762157605129246,0.8604239237149892
2022-07-28,0.014349408058001974,0.02433093600746854,0.8888795798680221,0.8816156044196244
2022-07-29,-0.005083471935977172,-0.0035679826998194406,0.8843724511065651,0.878475620230926
2022-08-01,-0.00723711492163756,-0.00448322401065043,0.8779952501467321,0.8745460324305523
2022-08-02,0.01464907635782339,0.02420638988600956,0.8909517381999075,0.8959739344449781
2022-08-03,-0.0034403896479829835,0.00342391066481912,0.8878917837988803,0.8990469269783791
2022-08-04,-0.014243925965517138,-0.01435943746851317,0.8753343647519145,0.8862293655755763
2022-08-05,-0.001843804523819105,-0.0068066058681373704,0.8737219062762581,0.8802176345274642
2022-08-08,-0.010488165974005113,-0.010562529212513851,0.8646060537582732,0.8709692392565082
2022-08-09,0.025009953898769675,0.030844731470286157,0.8865024843273854,0.898252663425559
2022-08-10,-0.0033476661505015427,-0.00893794282316191,0.8835397318882245,0.8902599050971786
2022-08-11,0.0225195086966277,0.025268711143125032,0.903662337775427,0.9130422535599905
2022-08-12,0.004090283665318283,0.00864659127898398,0.9073661427171699,0.9209711864685053
2022-08-15,-0.003004819845372812,-0.0032652664401396094,0.90464376310301,0.9179688745027913
2022-08-16,-0.008624662856646682,-0.01051491439799697,0.8968750649979085,0.9083670798588549
2022-08-17,0.00460191651543156,0.0055064840043097096,0.9010119206031344,0.9133827854318125
2022-08-18,-0.020909972212729434,-0.02158333773422126,0.8823673939660922,0.8938801592636894
2022-08-19,-0.03097529118230322,-0.02799513816312988,0.8554547719437482,0.8692028940948626
2022-08-22,0.001517272461573002,-0.0007967425320002597,0.8567537150874771,0.8685106389913617
2022-08-23,0.002948323054552917,0.00442628746918249,0.8592834291924677,0.8723634372555801
2022-08-24,0.018324942857865803,0.02109351489819094,0.8751749094663267,0.8909600933145108
2022-08-25,-0.03476348838508685,-0.04548236606853879,0.8452735261206332,0.8513448466956649
2022-08-26,-0.013298050613226291,-0.013546110574202668,0.834107444098822,0.8398901934229056
2022-08-29,-0.0141314274486845,-0.012833428877360489,0.8224032088186276,0.8291803910929303
2022-08-30,-0.011846555419729482,-0.00842648419984234,0.8127180448125029,0.8222226713560092
2022-08-31,0.0029772812175520025,-0.0019197504160820202,0.8151413406089697,0.8206457231983149
2022-09-01,-0.013005405413531547,-0.015369284402644429,0.8046087358595794,0.8081294154089417
2022-09-02,-0.0026034779345097446,-0.0039032721897280702,0.8025166792631286,0.8049812144756925
2022-09-06,0.017357664002122908,0.01876442830105557,0.8165680911890638,0.8202288358143164
2022-09-07,0.0053195545668627536,0.006845225921622619,0.8209234437048667,0.8258627482054072
2022-09-08,0.02112746038797098,0.02302633541900643,0.8384519860225434,0.8450999722659152
2022-09-09,0.014794258696613086,0.010862026432328259,0.8509484718054356,0.8543295054751674
2022-09-12,-0.05025048476712218,-0.06035197753095369,0.8092444963068651,0.8042940849777798
2022-09-13,0.01004128800592377,0.00792133571001669,0.8174112872920537,0.8106904689403965
2022-09-14,-0.009334429286664598,-0.013643995166987822,0.8098167200519379,0.7997045285855519
2022-09-15,-0.010687596602193266,-0.0043506352701651995,0.801207811841072,0.7962328633084567
2022-09-16,0.00889871708260813,0.00811454362634379,0.8083693504776899,0.8027202149664835
2022-09-19,-0.013751790441055015,-0.009688296313819341,0.7973289114619808,0.7949807751969041
2022-09-20,-0.01759924993533202,-0.01859737600635833,0.7834192792370296,0.7803328474905543
2022-09-21,0.0027922152342032096,-0.00608130817537752,0.7856098112785519,0.7756018030157193
2022-09-22,-0.0087189437504776,-0.01600332764807501,0.7787898979486292,0.7632883838725597
2022-09-23,-0.0031226574285492074,-0.00831041065162159,0.7763617969254015,0.7569714285589042
2022-09-26,0.0009986776036700867,0.00354749897614434,0.7771375193481683,0.7596615527118157
2022-09-27,0.024369754958600384,0.02568515486932686,0.7963088214447143,0.7794263213117402
2022-09-28,-0.03170924999772138,-0.032464977928654846,0.7714546027599297,0.7545286017109881
2022-09-29,-0.014162523540269513,-0.015093033917071211,0.7606058628884337,0.7432259858762378
2022-09-30,0.024322633879609153,0.012508018257259121,0.7793326196370183,0.752580652284408
2022-10-03,0.02524899537443179,0.03268220446144686,0.7992605062262661,0.7775829873171294
2022-10-04,0.0011438966524516705,-0.00293072360256563,0.8001753007592264,0.7753074426282573
2022-10-05,-0.005861001773779194,-0.005684545024613245,0.7954991886387447,0.770912675522849
2022-10-06,-0.03906730147823658,-0.04423504256468161,0.7650204200609062,0.7375545586179753
2022-10-07,-0.009497931626289468,-0.013459667719607748,0.7577887059463072,0.7276938292700199
2022-10-10,-0.007297338685017864,-0.01269285832650586,0.7522789926790795,0.7185156862474231
2022-10-11,0.0003960398329164657,-0.00274305029059136,0.752576984129994,0.7165474622882488
2022-10-12,0.03303128103061139,0.02468633851279254,0.7778506793585022,0.7344565407936842
2022-10-13,-0.027772299470166115,-0.03419870333619823,0.7565451978480356,0.7097637172945365
2022-10-14,0.02984844819085722,0.03842571653362713,0.7794672906333703,0.7375676690422645
2022-10-17,0.010434482662670067,0.006710107116143239,0.7876432101270693,0.7425334689994534
2022-10-18,-0.008445503171193672,-0.00397655877717611,0.7810191779130924,0.7395866040899522
2022-10-19,-0.005347873845924011,-0.00991850291222771,0.776853534474192,0.7322872712706125
2022-10-20,0.03087574212635175,0.025370898469748947,0.8012135961697071,0.7511037433737131
2022-10-21,0.013259562653625047,0.01000167505722033,0.8119080834712263,0.7586537322795107
2022-10-24,0.020408940335680283,0.0242934263827191,0.8286485132581607,0.7773097223260225
2022-10-25,-0.033270761005185466,-0.029493401043797864,0.8015323358390237,0.7547189912381735
2022-10-26,-0.07494192014796383,-0.0391848191320113,0.7436595940412938,0.7257173861768139
2022-10-27,0.037027810114496684,0.02423836541371438,0.7717118317119669,0.7435225011133048
2022-10-28,-0.006606770017768543,-0.01664729883939309,0.7666301144728852,0.7312473176535804
2022-10-31,-0.01954236179358411,-0.014363975094351441,0.7517937919727765,0.7208187763528061
2022-11-01,-0.02423242305451343,-0.033032103544989797,0.7337949650990448,0.6973975713034306
2022-11-02,-0.021167978628941653,-0.01716626546826812,0.7184252557047136,0.6855280287920097
2022-11-03,0.025311331715749348,0.017106634169706057,0.7368416441075871,0.6973559858205503
2022-11-04,0.007306561180384957,0.01234095940456921,0.7422451391047534,0.706015350263658
2022-11-07,0.0040798495024215835,0.00225934002311167,0.7452795733747225,0.7076122823283933
2022-11-08,-0.030711425129523833,-0.02460811272553646,0.7227388756864443,0.6904117834116421
2022-11-09,0.09558303353931262,0.0795230707169004,0.7952297150536142,0.7475575392251652
2022-11-10,-0.0005430805156918703,0.01756140540168762,0.7947979585397561,0.7608016524783714
2022-11-11,-0.0014564030989072604,-0.00787755124635557,0.7936412548478123,0.7548319426912824
2022-11-14,0.0031363839199988913,0.01193143080560751,0.7961343260883651,0.7638921106863117
2022-11-15,-0.012926299608933958,-0.01601135449220761,0.785909482328705,0.7517585598159255
2022-11-16,-0.001053907941340494,-0.00483747805558502,0.7850816423942695,0.7481307261372566
2022-11-17,0.0017728085478138133,-0.0024249723764351505,0.7864746762669749,0.7463187277034388
2022-11-18,-0.015059494371265478,-0.014755322379939529,0.7747195009653153,0.735387400237963
2022-11-21,0.009054632551897467,0.01599934105761837,0.7817661556677998,0.7472477398746394
2022-11-22,0.006992337971568284,0.016303214203344102,0.7872516848296718,0.7595301290028384
2022-11-23,0.0005195664845042385,-0.00558631085858412,0.7876608206974172,0.755298986836867
2022-11-25,-0.013667683963528795,-0.01364229475241176,0.7769685572160896,0.7450649420826585
2022-11-28,-0.003475258241044067,-0.00705701666459836,0.774273077291872,0.7398255154748656
2022-11-29,0.047795918668219015,0.05246897227083745,0.8121788244518237,0.779679814180617
2022-11-30,-0.0028938030467259464,0.0010131246984952298,0.8098319362490098,0.7804701273325689
2022-12-01,-0.0008679731025313473,-0.0016752308686770097,0.8091293288770358,0.7791637542269744
2022-12-02,-0.018167946427243807,-0.02121987747228433,0.7945618419323377,0.7628041827479839
2022-12-05,-0.019351940881706556,-0.024567691385449,0.7793333537912575,0.7442921747490316
2022-12-06,-0.006755140621392817,-0.007302410895619049,0.7740865886652235,0.7388768440121555
2022-12-07,0.004288226280873558,0.012833130544022991,0.7774131745973372,0.7484200506439825
2022-12-08,-0.012735913804309227,-0.0010837555344447095,0.7675748901698778,0.7476093856326995
2022-12-09,0.015005985534470476,0.0077183664993470905,0.7791799628769873,0.7534020350076193
2022-12-12,-0.002150642662026942,0.010924324284978531,0.7775060258727949,0.7616775631308719
2022-12-13,-0.007725855971145229,-0.0057168598122853895,0.7715222708784225,0.7573355823535494
2022-12-14,-0.029515735647662772,-0.030527855159978128,0.7490830081846861,0.7345650869665287
2022-12-15,-0.008263361089390108,-0.00992135357460533,0.742918569371272,0.7273132405664158
2022-12-16,-0.019106673384291246,-0.016074400155710964,0.7288586141319378,0.715715578947904
2022-12-19,0.004053353225014894,-0.00556226202282441,0.7318189310981851,0.711745632540475
2022-12-20,0.016661517783806538,0.01786461197360824,0.7441142904699617,0.7245749462469019
2022-12-21,-0.025686906905059172,-0.03325093720830969,0.7252436971347972,0.7008783012929185
2022-12-22,0.006139506270923835,0.0033104865145730106,0.7297100318770626,0.7032023942744028
2022-12-23,-0.0341661785612188,-0.028286795286465428,0.7051997246471863,0.6835897492654063
2022-12-27,-0.007883477947959837,-0.00781798197183067,0.6996621545046857,0.6782662933850525
2022-12-28,0.026944670106652434,0.031488917742554925,0.7187705997493812,0.6999639905694047
2022-12-29,-0.002229340992482868,0.00040309454608928994,0.7171699997916274,0.7002461991110029
2022-12-30,0.0047492774162294325,-0.01322212548409144,0.7205841400074069,0.6910483972416273
2023-01-03,-0.01257511037976607,0.0068359219622043,0.7115794510492254,0.6957885332985672
2023-01-04,-0.014112189697694297,-0.01787503679764513,0.7016080316190194,0.6834617864049253
2023-01-05,0.016362174350123004,0.027302969636459028,0.7131822964056047,0.7023794011708081
2023-01-06,-0.01158864357061903,0.007359754408703642,0.7049651855169917,0.7075678103542519
2023-01-09,0.008619200699596603,0.008933461638510939,0.7110676834847508,0.713917158848623
2023-01-10,0.022940838038971366,0.02224025357843224,0.7275687221975884,0.7299727357557462
2023-01-11,0.0038723855881404416,0.006950766380651399,0.7303916109611697,0.7350642802754347
2023-01-12,0.0030501727084740254,0.00669513894820085,0.7326228325952319,0.7400021491820199
2023-01-13,-0.005785281741248199,0.00700145871222841,0.7283966397441336,0.7452014236901765
2023-01-17,-0.012329906400152293,-0.01350570237344095,0.719470718322897,0.7352046139762677
2023-01-18,-0.008297371842217342,-0.007130546909274031,0.7135257003634018,0.7299808492714074
2023-01-19,0.028380200024323045,0.02910868173589134,0.7340657897599814,0.7515419141773175
2023-01-20,0.007776497054512733,0.02383927105796049,0.7397965037723276,0.7696733874492061
2023-01-23,0.0032068972788875413,-0.0001153726017103199,0.742172763340886,0.7695845933503305
2023-01-24,-0.007362973989468433,-0.0019599615009196296,0.7367282331529735,0.7680777143704397
2023-01-25,0.017966755870572698,0.02721180268734407,0.7500844743375884,0.7892654646086698
2023-01-26,0.00947592277183765,0.01894762589667781,0.757225999722038,0.8043627485357266
2023-01-27,-0.021833101765960733,-0.02683279119873667,0.7408725799622813,0.7830664482065945
2023-01-30,0.01500422070732695,0.01757202505508987,0.7520726094069398,0.7969481187938342
2023-01-31,0.005450522966623088,0.02283508304819219,0.7561829901233323,0.8153558666241979
2023-02-01,0.041766035484645844,0.04798994682109655,0.7884345780300304,0.8554388489857433
2023-02-02,-0.004859941656061557,-0.01464084442103981,0.7846121279469214,0.8430057395863276
2023-02-03,-0.002499300239908171,-0.0030615475013209903,0.7826535951675295,0.8404287842191629
2023-02-06,0.018144283809631734,0.02368240822008202,0.7969838975155594,0.8605697132802123
2023-02-07,-0.018924420522618224,-0.01732864293843106,0.7820432564691565,0.8457856716310637
2023-02-08,-0.006249458216566139,-0.00816932977197253,0.7771711496851545,0.8389043158659503
2023-02-09,0.00498226721844662,-0.01247617527053283,0.7810528859212661,0.8285030177128446
2023-02-10,0.017401449274096883,0.01527792257993843,0.7947632825122289,0.8412580094634623
2023-02-13,-0.003956507150761618,0.0114392587540509,0.7916250082978559,0.8509366300930966
2023-02-14,0.003411258968258641,0.0013790618666285998,0.7943300573952559,0.8521109338832551
2023-02-15,-0.012165663510742405,-0.02457957570141345,0.7847250493128611,0.8314217163866618
2023-02-16,-0.0027357380602303087,-0.00414009635095398,0.78258118099682,0.827986665998843
2023-02-17,-0.018834515988028572,-0.02410972193221231,0.7679795819010425,0.8082628608564599
2023-02-21,0.0017597242971957325,0.00231184371613076,0.7693322040030055,0.8101335998672269
2023-02-22,0.018650486088697037,0.01588709070335016,0.7838152617913552,0.8231070481516267
2023-02-23,-0.010864212263522601,-0.01614218644709288,0.7753458166414658,0.8099269645910481
2023-02-24,0.013748690268592056,0.007998838960353949,0.7860794235665916,0.8164314193130636
2023-02-27,0.0004620680330838829,0.0010048597445779502,0.7864427296692909,0.8172522307116387
2023-02-28,-0.00427370663826652,-0.00851380073542091,0.7830888759530549,0.8103238433735707
2023-03-01,0.004044488202046738,0.0035512525269705197,0.7862624831553209,0.8132066236807849
2023-03-02,0.024173216837001806,0.029911015960449927,0.8055005629929068,0.83789788955655
2023-03-03,0.007038145199121814,0.0007923535218205199,0.8111897902320474,0.8385620639959955
2023-03-06,-0.016224815298592835,-0.014354718716718479,0.7981345812819275,0.8266107257121488
2023-03-07,0.004251559028534751,0.00421335220138249,0.8015351212428734,0.8301008752845154
2023-03-08,-0.010518656253179166,-0.01825652849118159,0.7931482355399729,0.8150836136400319
2023-03-09,-0.011596122975945429,-0.01154631050119688,0.7840039128771401,0.8057265290096339
2023-03-10,0.009331826313193608,0.01017838642473792,0.7913543443545303,0.813969403391863
2023-03-13,0.026552443078764264,0.030511243535079342,0.8126481862447881,0.8391873816977014
2023-03-14,-0.00042403996941169824,0.00394556962488604,0.8123036639835173,0.8425049945728933
2023-03-15,0.03724611615037732,0.02794212354094392,0.8431293251273212,0.8663783561597271
2023-03-16,-0.006063045899310509,-0.00915900791904014,0.8380328589964456,0.8584794183700452
2023-03-17,0.012829218599933998,0.006656784647772379,0.8488534270431987,0.8642131940644072
2023-03-20,0.018935836160618835,0.01891660803096104,0.8650803265524939,0.8807167801145845
2023-03-21,-0.00917812526025719,-0.01063971873647601,0.8571768360492242,0.8713958751212654
2023-03-22,0.010605576514531985,0.01161461525231499,0.8663160683204173,0.8815758064978367
2023-03-23,0.0027195639196965988,0.0002472820287670199,0.8686752767979381,0.881793831307477
2023-03-24,-0.0054443186920194635,-0.008311118155091269,0.8639587824503141,0.8744955092064345
2023-03-27,-0.004803998314230681,-0.0053186850264383,0.8598182793637943,0.869856690179975
2023-03-28,0.0122454738180555,0.01474374530141842,0.8704118911125692,0.8827766458948826
2023-03-29,0.008461424050486568,0.00953015522785035,0.8778080621638837,0.8912298606066024
2023-03-30,0.017257690400703837,0.019724862600687197,0.8930884750064372,0.9089837682242491
2023-03-31,0.007377044267947982,-0.00220889475013646,0.8997011893760082,0.9069781346828526
2023-04-03,-0.0007654362405271798,-0.00127585591693058,0.8990127889769318,0.9058216991426253
2023-04-04,-0.008707479905039426,-0.01081187898113609,0.8912186361432571,0.8960808180563206
2023-04-05,0.008853636828333096,0.01153635218581068,0.8991441955229247,0.9064781804647172
2023-04-06,0.0013926037000421747,-0.00260152754379973,0.9003972193367773,0.904123017349543
2023-04-10,-0.008658826314781157,-0.00839758993508118,0.8926344927518272,0.8965623531090842
2023-04-11,-0.00874785162471389,-0.0079876479297003,0.8848599136652952,0.8894294541529185
2023-04-12,0.01874756649734996,0.02245569019534743,0.901605361476678,0.9096281454306258
2023-04-13,0.00032987417706832937,0.00074395317363913,0.9019028268637129,0.9103051179629589
2023-04-14,0.0009383891597773107,0.00114747284537864,0.9027495599200407,0.9113502678927339
2023-04-17,0.002728532530417559,-0.00031983251876385976,0.9052161049550227,0.9110588350484122
2023-04-18,0.003152959819575938,0.0002720564210381804,0.9080747191416537,0.91130672817336
2023-04-19,-6.943889103759896e-05,-0.01414159941625727,0.9080116656293855,0.8985100892096742
2023-04-20,0.001567195140762813,0.0061259866000531,0.9094358127662648,0.9040312439698761
2023-04-21,-0.0017754960175631255,-0.0029720710936018,0.9078225457008973,0.9013483876366902
2023-04-24,-0.025071947669595734,-0.01752983231128232,0.8853446264106861,0.88568558578209
2023-04-25,0.020355665642457506,0.003972407466145018,0.9035510791827904,0.8892108871466621
2023-04-26,0.04295286271309875,0.038066034881296895,0.9432067502370051,0.9237121163008597
2023-04-27,0.009937766954924394,0.005839343611454349,0.9526268489573936,0.9291217677814246
2023-04-28,0.010742324021279358,0.00453063325982637,0.9629154379791418,0.9333408280554407
2023-05-01,-0.01759637004787987,-0.01174004810049643,0.94611982588016,0.9224474314582242
2023-05-02,0.007929441349019873,0.0027174572297256794,0.9536518504569,0.9249575519277102
2023-05-03,-0.003933785125803812,-0.0051435200239201605,0.9499077580481046,0.9202122285328166
2023-05-04,0.029569505389875194,0.02199399476243758,0.9784154628593337,0.9406755820140613
2023-05-05,0.004555638666887663,0.00605656974165139,0.9828829385502786,0.9463901371130984
2023-05-08,-0.008615568348779178,-0.0077899803234082994,0.9744512176041676,0.9390464174197023
2023-05-09,0.012378715822802491,0.01308069111147316,0.9865886401754781,0.951410482508384
2023-05-10,0.0069240602207442225,0.00761113495463415,0.9934435438291991,0.9586794234428235
2023-05-11,-0.005052545734092507,-0.005417057871000037,0.9884367839824494,0.9535002421537216
2023-05-12,0.007749737345181717,0.00486600262746035,0.9961266682454306,0.9581512836501275
2023-05-15,0.01085321299969461,0.00703011653949039,1.0069967239651285,0.9649109315530214
2023-05-16,0.01325508183107584,0.01710451280399793,1.0204334033556783,0.9815572204264857
2023-05-17,0.017459914839288847,0.01892647779694579,1.0384065317349114,1.000311558313413
2023-05-18,-0.001534038558202653,0.00019248063378392023,1.036814797279304,1.000504117447496
2023-05-19,5.445370334728828e-05,0.0037829718149152503,1.0368712572219139,1.0042961644055965
2023-05-22,-0.014025013999379157,-0.012457131617815701,1.0224306250643846,0.9918631157438813
2023-05-23,-0.001054273337429836,-0.0025029031833135196,1.0213532717292448,0.9893836825790276
2023-05-24,0.0569019273602635,0.0360838682206272,1.0811555386054041,1.02573640204779
2023-05-25,0.024420606346568546,0.030566234172844382,1.1078830349792144,1.057573390817287
2023-05-26,0.004267045831772872,0.00793543559948261,1.1126205230167863,1.0659990829057466
2023-05-30,-0.004435650243627029,-0.005319465743537919,1.1076962567579571,1.0603435927306881
2023-05-31,0.011551811691891144,0.01502202743511737,1.1205663486470452,1.076392343863871
2023-06-01,0.011105345871426555,0.01125589494475463,1.1330799810212198,1.088576546418011
2023-06-02,0.0021325722948501886,0.00111254471688462,1.135498934376293,1.0897883104494996
2023-06-05,0.002809632110203802,0.0010890337794890303,1.138693754676602,1.090975773208239
2023-06-06,-0.013347361468323281,-0.01713583229211664,1.1235961780753376,1.072440259606817
2023-06-07,0.01061779723299041,0.015569946042075922,1.1355898550027488,1.0892687660841354
2023-06-08,0.0011034916048427122,0.00483162882591316,1.1368436605289958,1.0945444432472162
2023-06-09,0.012519584941655379,0.01848701711521246,1.1511659387192077,1.114967504179242
2023-06-12,0.005217938652824029,0.008542252690305572,1.1571883505902214,1.1245326340556758
2023-06-13,0.0029396867656931404,0.00997917899299909,1.1605951268440216,1.1358107259502614
2023-06-14,0.011354822488583126,0.01007105278247343,1.1738485814031692,1.14730733000418
2023-06-15,-0.007627039089103862,-0.0067778514046088105,1.1649296481501643,1.1395573451977272
2023-06-16,0.0024087010261468495,0.00867226098076707,1.1677389974720667,1.1494828600187568
2023-06-20,-0.006140029082421055,-0.014710877444414069,1.1605910129399102,1.1326967306094642
2023-06-21,0.00665659634441999,0.01275648390838027,1.1683423690363017,1.1472385120313402
2023-06-22,-0.0044483747711786675,-0.00919205832221891,1.1631566867980052,1.1367413479038138
2023-06-23,-0.015113282833743845,-0.02298800549580598,1.1457097431957735,1.1109079977709904
2023-06-26,0.012233444316797227,0.020639773046708398,1.159811802045817,1.1340751466397598
2023-06-27,-0.00435383327407434,0.0007265577743527905,1.1547731515119102,1.1348994171580677
2023-06-28,0.0028011815883779117,0.00038224713086859,1.1580124155679898,1.1353333121263711
2023-06-29,0.017648141711921476,0.01617070328069678,1.1786305838232398,1.1538416937009446
2023-06-30,-0.00042440369167804823,0.00482238745802257,1.1781304747839083,1.1594194035428564
2023-07-03,0.002014552577710852,0.0038265775673935096,1.1805062728503242,1.163864511174199
2023-07-05,-0.0010752493705159863,-0.00737930104205158,1.179237616406804,1.155307615358979
2023-07-06,-0.005713129671782634,-0.00427583206730088,1.1725196874626929,1.1503782600675176
2023-07-07,-0.00650446885528384,-0.00474865226323089,1.1649178195316905,1.144928463574437
2023-07-10,-5.1309419653513904e-05,0.0018646796261007,1.1648580498078145,1.1470653800669532
2023-07-11,0.010082493164397716,0.0150406941794613,1.1766621304167315,1.1644484385839329
2023-07-12,0.00019991826732745476,0.015508376742860258,1.1768973901866535,1.1826479009658135
2023-07-13,0.0039627893153317256,0.00291291956163592,1.1815704396295827,1.1860978814894896
2023-07-14,0.010707314739749329,0.009103481555408929,1.1942898601134795,1.1969447991238937
2023-07-17,0.004987420910539926,0.00663357656503452,1.2002611646619425,1.2049112178040737
2023-07-18,-0.0020231505225273335,-0.0009358636919411101,1.1978353104210713,1.203784112633985
2023-07-19,-0.015123922917979494,-0.025747841715969166,1.1798556457596905,1.1731848922474604
2023-07-20,-0.005900524406482224,-0.0070535086754795594,1.1729143774263961,1.1649389380743873
2023-07-21,0.007705283861147744,0.00538837093483293,1.1819869240353327,1.1712330033395633
2023-07-24,0.005427173633857784,0.00570187789336749,1.1884192110862106,1.1779303063664366
2023-07-25,0.0028322026395258366,-0.0009754340162841596,1.1917898259918491,1.176781873278203
2023-07-26,0.0030035931093799484,-0.00040911336668061004,1.1953748589960225,1.1763005345519444
2023-07-27,0.015211828659151954,0.020970813269862942,1.2136977052093223,1.2012289847795994
2023-07-28,-0.002340920767935526,-0.0013847783449930204,1.2108598579289485,1.1995667001076415
2023-07-31,0.0013175656928955876,-0.0021787179507485105,1.212456296812263,1.1969560275972255
2023-08-01,-0.014505426291769203,-0.02266826790361336,1.1949960417345482,1.1701283252424743
2023-08-02,0.0010904271592389215,0.0005761022309387898,1.19629980857584,1.1708026329975822
2023-08-03,-0.006239619304591851,-0.0008344037256865699,1.1888585925161546,1.16982611837894
2023-08-04,0.017261979845895083,0.01230717421473171,1.2095587948061748,1.184312331545767
2023-08-07,0.04121056094873775,0.006578735468185319,1.260446750073827,1.192129293756992
2023-08-08,-0.01374298266507167,-0.01965388317533815,1.2432429388492199,1.1689280678129357
2023-08-09,0.0022951296930246,-0.00044392549123783,1.2460996196062382,1.168409266009403
2023-08-10,-0.003273946155315654,-0.00677311184200637,1.2420266275639125,1.1605222393816614
2023-08-11,0.017014877497314437,0.01689673126223104,1.2633403696331706,1.1802978730761062
2023-08-14,-0.012675328826927009,-0.00981042883562186,1.2474281742247764,1.1687752581001265
2023-08-15,-0.006802216933053585,-0.01161828816711665,1.2389716911981887,1.155274669079737
2023-08-16,-0.006719865117542094,-0.01136262947960573,1.2306738798604109,1.1422220077795957
2023-08-17,-0.001502067255872254,-0.0035060515033404197,1.2288267125548773,1.1382243307179927
2023-08-18,0.025022575703300395,0.026963516041736513,1.2599630531178228,1.1693323670501654
2023-08-21,-0.004007995669286719,-0.00244474512579756,1.2549232331923323,1.166477139019876
2023-08-22,0.014227095410450799,0.017386414847058378,1.2729047548733827,1.1869353263829465
2023-08-23,-0.021490864855332272,-0.01847252702759474,1.2458407864890537,1.165210901753204
2023-08-24,0.007280313687604508,0.005271068521715791,1.2549439951186458,1.1713690239424248
2023-08-25,0.006366599145903044,0.006412426328537569,1.2629592082368624,1.1789044759564633
2023-08-28,0.013558427388265903,0.025775586791176135,1.2801995608824344,1.2096864379345729
2023-08-29,0.00041557081860378614,0.00295876022683927,1.2807316850219004,1.21327091023617
2023-08-30,0.005517849027730418,0.00734152604397933,1.2878181020146384,1.2222109468236504
2023-08-31,-0.006537291736354559,-0.01040247044794269,1.279426717726615,1.2095628334366537
2023-09-01,-0.0024340222927075232,0.006593672583495131,1.2763163514598033,1.217564646406004
2023-09-05,-0.007118415768427722,-0.01078554728005467,1.2672632610767698,1.2045031098739
2023-09-06,0.0011390969697776965,-0.0029273742722146197,1.2687076192932303,1.2009822344336931
2023-09-07,0.0004437027621882149,0.00256134033977453,1.2692706732733856,1.2040623015442813
2023-09-08,0.014300314966165418,0.019926524060969092,1.28755204683599,1.2282957200140503
2023-09-11,-0.003879128031404657,-0.0113894021572258,1.2825671423914151,1.2143855308272367
2023-09-12,0.007638561204224981,0.00846212485762186,1.2924016228293063,1.2247054153081467
2023-09-13,0.003224997530143158,0.008085599967824961,1.2965763429836752,1.2346480352303164
2023-09-14,-0.011218688485707265,-0.02007828202399443,1.282111745508339,1.2101056329074513
2023-09-15,0.002119193757292082,-0.0011275428706237298,1.2848316697208495,1.208741955874999
2023-09-18,-0.0013055267791158244,-0.00049448090602461,1.2831553820266985,1.2081444038087272
2023-09-19,-0.020335139163778732,-0.019174897239528872,1.2573257533891957,1.18519904945611
2023-09-20,-0.014074919198855822,-0.022367373375485382,1.2397529529781393,1.1589835388079917
2023-09-21,0.004259881932758058,-0.0006258117650736097,1.2450454188200741,1.1582584601789114
2023-09-22,0.00731205763337191,0.00743859401669209,1.254182627867292,1.166906399007495
2023-09-25,-0.010317125470398663,-0.01587831819105696,1.2413095888988572,1.1485242132120421
2023-09-26,-0.00010010202719608531,-0.0001745714801216101,1.2411853375116422,1.1483237311399215
2023-09-27,0.005507866800407634,0.00837589320709209,1.2480404823073532,1.1579823614399047
2023-09-28,-0.0019143552278481557,-0.00141007151486663,1.2456535749087632,1.156350674165551
2023-09-29,0.006457161953147804,0.013432058704600399,1.2537229864904078,1.1719876274400716
2023-10-02,-0.016636265840513757,-0.021661326424064258,1.233038253025084,1.1468738022301659
2023-10-03,0.02185162573416309,0.01736531217218508,1.2602786833716293,1.1669635513676848
2023-10-04,0.002806499731766554,0.002939819206837271,1.2638206230600328,1.1703992609377294
2023-10-05,0.02189674153728527,0.02054069803431642,1.2917993805034886,1.1946886855941623
2023-10-06,0.004717870455879056,0.00412494040793107,1.2979083219015408,1.199626883111503
2023-10-09,0.008229090100229708,0.0061691914053852,1.3086329930459073,1.2070504862382536
2023-10-10,0.023458074009485973,0.01558390431382333,1.3396938927506095,1.2260083808539919
2023-10-11,-0.0023787869559227454,0.0005161732614554701,1.3365108338041343,1.2266413769522848
2023-10-12,-0.012190594642435116,-0.01728085429444605,1.320316879509178,1.2056260702493604
2023-10-13,0.011630480695666636,0.01301859184805331,1.3357624450571668,1.2214242357868061
2023-10-16,-0.010037629526561183,-0.0086103482279294,1.322421623621345,1.2109524951455495
2023-10-17,-0.01869738984275233,-0.01749489844951648,1.2979255113025463,1.1899512472198488
2023-10-18,-0.011865884559731693,-0.01668971988768241,1.2826154901264015,1.170256104596558
2023-10-19,-0.016022300965142938,-0.01735189867272066,1.2622287957252394,1.1501250999235422
2023-10-20,0.01272821216699249,0.00808910839907584,1.2783973920171294,1.1594663166508759
2023-10-23,0.009874282857881066,0.01245781439285284,1.2910831779164178,1.1740010805348373
2023-10-24,-0.033535649786576145,-0.029808360625561088,1.2485038183242805,1.1395224614343087
2023-10-25,-0.029352588291378382,-0.027172094713106908,1.2123896153165903,1.1089761324542218
2023-10-26,0.008532285605194445,0.01060503937279246,1.2227783264799184,1.120799450568699
2023-10-27,0.007013401418129882,0.01085082589649675,1.2313843050443116,1.133027271272991
2023-10-30,-0.0022389137533115194,-7.880412189661991e-05,1.2286304257875795,1.1329379875718013
2023-10-31,0.02520555043992313,0.020680693256841458,1.2599923184555972,1.1566118831041783
2023-11-01,0.012585554140472053,0.02099594006639395,1.2759502289304512,1.181152764800456
2023-11-02,0.0006824970214538974,0.007557915153456831,1.2768213583990389,1.1901136372817795
2023-11-03,0.002075406660801364,0.008934404443545929,1.2794740336887378,1.2007942351948904
2023-11-06,0.0053924660001241145,0.010490752715236331,1.2863921901108555,1.2134577794928059
2023-11-07,0.008535388233598774,0.00781077425495773,1.2974190391481821,1.2229729362719857
2023-11-08,-0.005595394185570591,-0.011822875255472159,1.2901797404527813,1.208599017760628
2023-11-09,0.023039840137188645,0.02296000811624383,1.3202503563146026,1.2366694768731725
2023-11-10,-0.005310417532349478,0.0033292066130456597,1.313257858649111,1.2407934660707258
2023-11-13,0.014333031829719683,0.01975425052340832,1.3322163672292977,1.2655481107778412
2023-11-14,-0.007783009366512043,-0.0038338161291587803,1.3218879599473286,1.2607055207498161
2023-11-15,0.009526783046193475,0.0011039182461800002,1.3345414777101698,1.2620980050302233
2023-11-16,-0.0009839978644105146,0.00104558959373421,1.3332289376203643,1.263418331710186
2023-11-17,0.011232828283171336,0.01202125670402805,1.3482892961948252,1.2786978633824264
2023-11-20,-0.0022494477091661125,-0.004459822272337479,1.3452597985519148,1.2730077959477517
2023-11-21,0.0012207239126854497,0.00025927112701205,1.3469029920955546,1.273337892904158
2023-11-22,-0.002554798748215427,-0.00252939996892655,1.3434663178921211,1.2701211819666924
2023-11-24,0.0005904323633325338,-0.00407001431198497,1.3442597781044954,1.264962276109913
2023-11-27,0.0021140263384301465,0.00554723244887882,1.3471045846195722,1.2719988145077255
2023-11-28,-0.0041338549616778235,-0.00699070614661385,1.3415473439758068,1.263137653549876
2023-11-29,-0.005354122230938729,-0.009162918846778782,1.334383730062866,1.2516164900897369
2023-11-30,-0.0067135068293081475,-0.00315252032892445,1.3254553397173454,1.2476769566530506
2023-12-01,-0.014545642347109646,-0.011943869736137199,1.3063152800927718,1.232863506670379
2023-12-04,0.006415744370154775,0.00758256189034677,1.3147232077134063,1.2422473021568199
2023-12-05,-0.007064466421979146,-0.007844617139049359,1.3054681193795683,1.2325404706460137
2023-12-06,0.010772497204832306,0.01692102690769714,1.319607291408745,1.2535737717877402
2023-12-07,0.009279626669400826,0.00897311522277172,1.3319097472400994,1.2648728518421464
2023-12-08,-0.013415459315159181,-0.0028680543991903805,1.3141608869654495,1.2612503249802176
2023-12-11,0.011101667804419922,0.010916089344182891,1.3288315483024444,1.275093666323275
2023-12-12,0.00728036062393031,0.008944155193496232,1.3385412232628546,1.286549456775106
2023-12-13,-0.0015274213975635265,-0.0023946627372041403,1.3364982673813732,1.2834722905894742
2023-12-14,0.011272485839800745,0.007191529764755,1.3516491588464654,1.29273568884789
2023-12-15,0.020644498195987522,0.013173056002249401,1.37984330310413,1.309877626439999
2023-12-18,-0.0002539836689098977,0.004275963975830294,1.379492889940981,1.3154906078843807
2023-12-19,-0.01242367709189142,-0.01507626923633725,1.3624605370270388,1.2958066703084619
2023-12-20,0.009976841853554616,0.011484222025668058,1.3761216242746346,1.3107737801213633
2023-12-21,-0.001780277001011052,-0.00175206457614055,1.3736739260332618,1.308479230500404
2023-12-22,0.002187041757467312,0.0037016667811257146,1.3766814959122924,1.313331760284979
2023-12-26,0.0036001960287184863,0.00342763547179034,1.3816467517508026,1.3178411065955384
2023-12-27,0.001180073595048639,-0.00266414060558572,1.3832781590012166,1.3143348652255884
2023-12-28,-0.0035418913298288016,-0.00521816242357222,1.3783874044565407,1.307494315491562
2023-12-29,-0.010941238410769737,-0.01205352683666583,1.3633883430242248,1.2918289984945255
2024-01-02,-0.008632103593295951,-0.004243673670233211,1.351670082990297,1.2863585134735154
2024-01-03,-0.007240134595888714,-0.00732075600383268,1.3419191512841213,1.2769757829078687
2024-01-04,0.0016541922670432261,0.004190639228628479,1.3441407805615617,1.2823383561747992
2024-01-05,0.020582872600846215,0.02281952688944862,1.372093748332602,1.3119371415083398
2024-01-08,0.0031685443613274915,0.0023880626368395896,1.3764481832090396,1.3150738734433354
2024-01-09,0.01178635874639098,0.01114212911202917,1.3927674789087294,1.3298085316266781
2024-01-10,-0.0011031168823198078,9.538307630350962e-05,1.3912319406843807,1.329935378904765
2024-01-11,0.005267772000361903,0.00046672309297611026,1.3985799702277137,1.3305562353310114
2024-01-12,-0.008189778051742687,-0.0016054794690584903,1.3871726860063929,1.32842176849258
2024-01-16,-0.00509375390928123,-0.007150182005940591,1.3801247352166743,1.3189571881264213
2024-01-17,0.008596844087471486,0.012692109586148031,1.392040598408152,1.3358042233498844
2024-01-18,0.014266029912749317,0.019924358273758942,1.4120418210259487,1.3626861788415403
2024-01-19,-3.461443772204923e-06,-0.0003143475401395099,1.4120369333310405,1.3622578891126773
2024-01-22,0.007200641074787882,0.005586552269856869,1.4222411990093522,1.3698895113953318
2024-01-23,0.004607096495296026,0.00952377150355805,1.4288087184341551,1.3829983497945275
2024-01-24,0.006003633849580086,-0.01056844304575179,1.4374125641476063,1.3684591740532677
2024-01-25,0.0041109296014058124,0.0005248384952376303,1.4433338286187047,1.3691775826147154
2024-01-26,0.010945420869866863,0.01280399383847276,1.4592184984423526,1.3868212375262834
2024-01-29,-0.008144029097412422,-0.004141119237047674,1.4473828409179885,1.3810901202314358
2024-01-30,-0.03055028445085691,-0.02483459884487548,1.4038334929723457,1.3472136959404173
2024-01-31,0.016934410526528533,0.01529933100612266,1.427809018387322,1.3679836422194276
2024-02-01,0.04240191930877444,0.03676407209017986,1.4896527418845307,1.4192122068811155
2024-02-02,-0.0005158720517928796,0.0044192628158167355,1.488884469850189,1.4254979575769031
2024-02-05,0.0018980955955901896,-0.0010682202356535203,1.4917131986543257,1.423976024837134
2024-02-06,0.024296755416712484,0.017827131570310108,1.5284008803997209,1.4495890579111055
2024-02-07,-0.0003180404628311369,0.00253299886581713,1.527914864366806,1.45326551962166
2024-02-08,0.01060384934293018,0.0134361076587655,1.5442028484416652,1.4729235193648427
2024-02-09,-0.006227947102607051,-0.00890425532284055,1.534615520460517,1.459866450285685
2024-02-12,-0.012040751370667641,-0.012402866507862601,1.5162483954265253,1.4418717452240264
2024-02-13,0.010881996011986174,0.014076932293182071,1.5328383063796949,1.4623124095383602
2024-02-14,0.0011310663000208068,0.0042989921128304895,1.5345730289896264,1.4686124111794432
2024-02-15,0.0013768536558719248,-0.00355130989323169,1.5366873667075847,1.4634061633656619
2024-02-16,-0.003403727292584615,-0.01435289083876721,1.5314657934242488,1.4425520707113435
2024-02-20,-0.002768665140113661,-0.0015947802839392298,1.5272315417859779,1.4402533505743929
2024-02-21,0.02379178504723691,0.039023379900055236,1.5640027987548546,1.4975679354848574
2024-02-22,-0.0011842420492852498,-0.00422944227367373,1.5621517371441986,1.4912474338710318
2024-02-23,-0.012904602032225316,-0.0031174808001373003,1.542122304546306,1.4866057375864736
2024-02-26,0.002795570672343652,-0.00012323756215267993,1.5464394480623467,1.4864225432079374
2024-02-27,-0.000985900404522388,-0.00415011740347535,1.5449155641072712,1.4802664981330576
2024-02-28,0.0045255629567429925,0.007330450558117291,1.5519230211396642,1.4911573873038504
2024-02-29,0.016155809739964628,0.01691893542166913,1.577199223179356,1.5166008137580953
2024-03-01,-0.007969625975187905,-0.009993618725111258,1.5646794903420387,1.5015199651061322
2024-03-04,-0.016244238706218925,-0.02000465821137031,1.5394677900341516,1.4717810218575775
2024-03-05,-0.0016856418228677135,0.0015494273146093702,1.5368749846268595,1.4740632071575128
2024-03-06,0.013657735825081632,0.01835564140079193,1.5580092114872084,1.501370436935461
2024-03-07,-0.0027830878339711695,-0.01796248771294904,1.5536791632526776,1.4746428544812955
2024-03-08,-0.009927268703282307,-0.00922040342700018,1.5383316780669212,1.4611085442382679
2024-03-11,0.009542487394218382,0.01827120290467734,1.553081451551896,1.488050133029724
2024-03-12,-0.0014915583079459717,-0.00778948845480361,1.5507666667573135,1.4765040112704975
2024-03-13,0.007945308566102139,-0.0008013380493497202,1.5631370646766056,1.4753213063627595
2024-03-14,-0.01828795938068111,-0.009829732328624401,1.5348102865009279,1.4608903353113916
2024-03-15,0.011723825097689777,0.016108771511455962,1.5529100256318924,1.4846140508745804
2024-03-18,0.003433082130098578,0.00436573573475173,1.558250455111833,1.4911096522112486
2024-03-19,0.01386267027992507,0.01473674053828676,1.5800023889836459,1.513246459842995
2024-03-20,-0.010456197538525065,0.0006001924809557604,1.5635676440993733,1.5141549716037168
2024-03-21,0.0007694795041986568,0.00510642090490208,1.5647712403668783,1.521906659049277
2024-03-22,-0.0034095057683808435,-0.00192646459217849,1.5594452284902118,1.5189775820454674
2024-03-25,-0.002977715994503228,-0.00336598298125619,1.5548085502722684,1.5138733245964469
2024-03-26,0.004075633520309214,0.00205708401246484,1.561158310976666,1.5169906944559337
2024-03-27,-0.002027093176812865,-0.0033962490934226395,1.557996902933444,1.5118473551596912
2024-03-28,-0.0018688256113328933,0.0037471862635110207,1.5550879973840754,1.5175231563021585
2024-04-01,-0.008230274699829579,-0.0077322666564759905,1.5423417206127232,1.5058345106992002
2024-04-02,0.004480751537079777,0.007474400167774389,1.5492680766999585,1.5171318883839298
2024-04-03,-0.010327332510562028,-0.01199021901703941,1.533350604111277,1.499049765701475
2024-04-04,0.02159765305082809,0.012744516682347828,1.5668275893278616,1.5182766891312889
2024-04-05,-0.0014440937010420675,0.0011747943623762198,1.5645665764256667,1.5200614001551693
2024-04-08,-0.00893098305572001,-0.0008581817218587904,1.5506556703392198,1.518757470829636
2024-04-09,0.002779041699375062,-0.00400413689169327,1.5549710005724968,1.5126883169815146
2024-04-10,0.029970775261354863,0.01912774939117331,1.6022800908050274,1.5419011370957199
2024-04-11,-0.01935145680803236,-0.015065795084359809,1.5715717209766487,1.5188452839993347
2024-04-12,-0.019980917202876657,-0.02133171293471793,1.5404819123310467,1.4867888374431477
2024-04-15,0.0033248007835884365,-0.0033604283023723606,1.545612231719223,1.481800975524109
2024-04-16,-0.007662205020485496,-0.01085133569871395,1.5338146892310776,1.4658083831234172
2024-04-17,-0.005301549300761658,-0.006519045100522961,1.5257046120204,1.4562837915175093
2024-04-18,-0.019592846900771836,-0.028829061821896852,1.4961026554029369,1.414899891755245
2024-04-19,0.010701812580878132,0.00802099481442361,1.5121996454778188,1.426294433138407
2024-04-22,0.009115026824585204,0.01712248045816475,1.5260463966950395,1.4509264101741783
2024-04-23,0.0124896248837181,0.00609060018961182,1.5452256653655012,1.459790388917344
2024-04-24,-0.009907210641288876,-0.00660964209274769,1.5299923735249241,1.4501735139781715
2024-04-25,0.038127980002982814,0.02412334499068159,1.5894542697922462,1.4855819174166742
2024-04-26,-0.000456021496916367,0.010398673224511958,1.5887296097196992,1.5011105972284138
2024-04-29,-0.03243653079764518,-0.01652375032329269,1.5380235429500968,1.4765104237957827
2024-04-30,-0.00036380235554257334,-0.004567390273453311,1.5374641081303144,1.4697820018088819
2024-05-01,0.017855141794407975,0.00903156778222752,1.5651622894033401,1.4831165629389775
2024-05-02,0.030164189719009075,0.01593648926308658,1.613093409100405,1.5069415733941027
2024-05-03,0.008207316319488674,0.018967718768840867,1.6263870549182806,1.5357976189037439
2024-05-06,-0.005744375754750735,-0.00258977856317477,1.6170712588853595,1.5318253889710258
2024-05-07,0.002280026674888572,-0.00061197437773008,1.6207624308770623,1.5308882378672988
2024-05-08,-0.0029178597874140125,-0.00162728166080237,1.6160401661586277,1.5283990773449978
2024-05-09,2.9358694640425637e-05,-0.0012423275298759496,1.6160876116848586,1.526501484054826
2024-05-10,0.005134480768043166,0.0020073904223037197,1.6244067213244449,1.529568846180202
2024-05-13,0.01463622872266289,0.01110049454236246,1.6483567511487838,1.5466424039588478
2024-05-14,0.015235001214873173,0.01490436203826769,1.673661739569895,1.5698667645100237
2024-05-15,-0.007287025592522679,-0.00592770338510384,1.6615100522406236,1.5605885862878823
2024-05-16,0.0039159308365157115,0.00025589430686690976,1.668029166559148,1.5609879831219835
2024-05-17,0.004319803354731391,0.0041473929674212305,1.675250310279778,1.5674754574589533
2024-05-20,0.007076496996916568,0.00984035459908714,1.6871472587830068,1.5829761126771489
2024-05-21,-0.002106747519000496,-0.00519840954818949,1.6835966069581019,1.5747685062713592
2024-05-22,0.0049590848999408205,-0.0020431976107620495,1.6919664416768043,1.5715542278430537
2024-05-23,0.008933570520729704,0.01262398144284482,1.7071494615135139,1.5915192531633464
2024-05-24,0.0023845327601067713,0.006834870861722559,1.7112250726138256,1.6024343408481363
2024-05-28,-0.00233794916839578,-0.00219343238702155,1.707228988519331,1.5989233614224883
2024-05-29,-0.013251333127554594,-0.0108971959975951,1.68475516141423,1.581594171442599
2024-05-30,-0.003997676837673653,-0.00260041646422591,1.6780334991967785,1.5774867107882224
2024-05-31,0.004753310403646515,0.00893332783014018,1.6860287000683205,1.5916420497270212
2024-06-03,0.0035903686574986857,0.0015233751047485898,1.69209304477077,1.5940685653787516
2024-06-04,0.013745044510461907,0.01952683377090545,1.7155115142438198,1.625501572052242
2024-06-05,0.000609629901141298,0.0025297642116893803,1.7165576602071853,1.6296189135109849
2024-06-06,0.008476887399987766,0.0014178699680108,1.7311705747198025,1.6319311400586787
2024-06-07,0.009880886907452594,0.00492676558066826,1.748360863174328,1.6399911207439186
2024-06-10,0.004215923112996487,0.00851558808182006,1.755747377695229,1.6540162409062555
2024-06-11,0.008093805619891965,0.01535149228973022,1.7700157203912725,1.6796037592589972
2024-06-12,0.018137982389111896,0.015634275948563252,1.8024131582466358,1.7060694951403945
2024-06-13,-0.004530566048746126,0.0022464271428875495,1.7942656766740501,1.709906363971531
2024-06-14,0.015713775798011254,0.01513644903043899,1.8226830526377253,1.735985146667337
2024-06-17,0.0010839571176845027,-0.00338444855165287,1.8246598340855213,1.7301197254589487
2024-06-18,-0.006917526280556308,-0.00896958879538788,1.812081258204081,1.714670652448437
2024-06-20,-0.004841030848550706,-0.005149758427190549,1.8033301162976658,1.7058632103701137
2024-06-21,-0.0019129835138733805,-0.01059038131466224,1.7998836730606873,1.6878927932439738
2024-06-24,0.013598296569228573,0.01583773235004256,1.8245261934603134,1.7148379997953949
2024-06-25,0.024897290537379102,0.01159615952596137,1.8705221637548533,1.7348392796863394
2024-06-26,0.0008360251852242938,0.0033595801497743106,1.872086621265091,1.7406774126400721
2024-06-27,-0.012175452521815263,-0.009707855430118751,1.8494313186427924,1.7238609260467448
2024-06-28,0.01518858398696987,0.01686396473235485,1.8777359712119759,1.7531785669295812
2024-07-01,0.0035039530130340675,0.01478084492519125,1.884327010428289,1.7792844859381582
2024-07-02,0.0005822084981140503,0.01385873032068613,1.885424401051061,1.804114770484665
2024-07-03,0.02645070947104086,0.01482299563782159,1.9359606272349337,1.8310563399399207
2024-07-05,-0.0018941204363033437,0.0019664171757966696,1.932297155270851,1.8346605030593808
2024-07-08,0.012644945120047846,0.00634880144345529,1.9568860819333942,1.8463454517700602
2024-07-09,0.010660899677338994,0.010807187713570091,1.9778598490996397,1.8664074653628018
2024-07-10,-0.01750904077169664,-0.03063529319693613,1.9435308314519846,1.810096481210089
2024-07-11,-0.0018782125039658363,0.00467640913877342,1.9398838934768647,1.8185810561464817
2024-07-12,0.005147530279371347,0.00555125947625801,1.9498952493297417,1.8287045445256456
2024-07-15,-0.011224348162036919,-0.00455037401716259,1.928131317640487,1.8204021586872638
2024-07-16,-0.033930344838651,-0.034680343233524445,1.8638066080591293,1.7583521635372747
2024-07-17,-0.005746059230619471,-0.00550057444451254,1.8531277748808583,1.7487067684883253
2024-07-18,-0.005937458297249017,-0.010262141043293671,1.842157505983338,1.7308530583159027
2024-07-19,0.011214560707201345,0.018613919335955263,1.862932768150483,1.7633727379316975
2024-07-22,0.01170210530032122,0.0031164971231439206,1.884861056906424,1.768876856326143
2024-07-23,-0.028615720742016057,-0.051053629260626524,1.8316888087011685,1.680835802966671
2024-07-24,-0.01630365958929232,-0.014031246157163852,1.8020677002526306,1.6574162689162106
2024-07-25,0.00907130407157096,0.006842350072924179,1.8184891738009825,1.6687957781406935
2024-07-26,0.009121608680265684,0.006103366456063614,1.8351526035382089,1.679012195871292
2024-07-29,-0.005048641156569934,-0.0191189210287697,1.8259109251642123,1.6472162152478627
2024-07-30,0.012009193670610136,0.03511660975451363,1.8479708388536131,1.706088512128483
2024-07-31,-0.01147183076502507,-0.01996363245550146,1.826892365635533,1.672366514889962
2024-08-01,-0.013211711104559976,-0.027520634554940682,1.8029147330313537,1.6269694701493074
2024-08-02,-0.039596024585060355,-0.03884968540973961,1.7329213514266604,1.564974262461614
2024-08-05,0.01580681239630807,0.014069265643610029,1.7605309491271386,1.587147918855565
2024-08-06,-0.010233156535538253,-0.01596423683299749,1.7426070259071664,1.5620114893935078
2024-08-07,0.03862807060567191,0.03702904072091469,1.8112375723552725,1.6209354934644322
2024-08-08,0.012499214330413516,0.01292135029320994,1.8340186954544435,1.6420160702340474
2024-08-09,-0.0005057850415797092,0.00147813745654986,1.8330913107807232,1.644444990388403
2024-08-12,0.028653488253657457,0.02853918796367247,1.8863755147004713,1.6920522196590038
2024-08-13,-0.0034777822353177276,0.0015793312730653306,1.8798265060600987,1.6947266419886842
2024-08-14,0.01613863304275412,0.0253873785025569,1.9104104640525652,1.738302101641918
2024-08-15,8.303937002400908e-05,0.0007155753418796901,1.9105691099208226,1.7395464329158825
2024-08-16,0.008122026663004522,0.01329459338788433,1.9261499916893712,1.7628274080690043
2024-08-19,0.0012804451210616328,0.00023364915674759982,1.9286179007225168,1.7632393393282129
2024-08-20,0.0006275406806092053,0.0029389306908863704,1.92982856674393,1.7684289998288096
2024-08-21,-0.0073944667940506114,-0.01787079664850218,1.9156111434031224,1.7371064776044616
2024-08-22,0.005676397186367806,0.014393434192742329,1.9265158335033856,1.7622902108022476
2024-08-23,-0.002096579509451522,-0.012183755744514869,1.9224809710651696,1.7409491683422016
2024-08-26,-0.0010586514125372406,0.00021959162867957044,1.9204468107928792,1.741331508183304
2024-08-27,-0.00935695827746581,-0.00989993524049926,1.9025610786301097,1.7241774909532683
2024-08-28,0.006509369602744836,-0.004801587899504449,1.9149859470410178,1.7159185450710777
2024-08-29,0.02394516264527005,0.01844008388884451,1.9613940038428204,1.747853766142609
2024-08-30,-0.015018892719255203,-0.029686933313435932,1.9321561474229383,1.6967279865176579
2024-09-03,-0.0024593173698801035,-0.0004732435526813003,1.927410200535122,1.6959252109065581
2024-09-04,-0.0036141419144975614,0.0028395118211647407,1.9204568393287735,1.7007476540426745
2024-09-05,-0.021130797735859803,-0.03966216586796601,1.8803018024045233,1.6346125192987464
2024-09-06,0.007176743906137449,0.01238528465544974,1.8938447860409695,1.6549835507623236
2024-09-09,0.006645855883883322,0.01419449379549948,1.906472921460189,1.6786427222433102
2024-09-10,0.011529187647424144,0.02519114053948368,1.9285802001200503,1.7214667757179314
2024-09-11,0.020242163863271254,0.01483778422643602,1.9680166293206096,1.7471999679496824
2024-09-12,0.0018457680139337108,0.00214764964292479,1.971652485907557,1.7509563736147735
2024-09-13,0.0002495516103917545,-0.00619856159153037,1.9721445763589767,1.740136531062535
2024-09-16,0.0025083219865342224,0.0012163615414674798,1.9770975592014821,1.7422544540347191
2024-09-17,-0.0028317833103813843,-0.0017284219190499002,1.9715067670223767,1.739245704191431
2024-09-18,0.026475277374197546,0.029186341225215073,2.024400048118541,1.790755964302001
2024-09-19,-0.001991949306730967,-0.0009130907287222403,2.02037155945079,1.7891215879141094
2024-09-20,-0.00310587836725724,0.00520333497075111,2.0141062657869995,1.7984552488628127
2024-09-23,0.005601077442428624,0.006735552002271469,2.0254190833671073,1.810609725317752
2024-09-24,-0.0014044729919069072,0.00304133675807853,2.022576433646875,1.8161247815504529
2024-09-25,-0.0030210533837647115,-0.00018464071852238983,2.0164753427689712,1.8157894819217957
2024-09-26,-0.005383619005226306,-0.00728030476920011,2.005648577529276,1.8026179855278763
2024-09-27,0.007950027669314323,0.0058632929545949005,2.0216570889546155,1.8132183088945815
2024-09-30,-0.011842711653782912,-0.013335077808858582,1.9978563975197843,1.7891994045677488
2024-10-01,0.0022372787627553932,-0.00162841156635938,2.002331162991364,1.7862882225074013
2024-10-02,-0.0015276392169994235,-0.0012590383043143394,1.9992746585937597,1.7840406324106335
2024-10-03,0.013370136570477666,0.01619726841973356,2.0261847286062613,1.8131725089206845
2024-10-04,-0.019449661884332656,-0.014361440812247581,1.987156890160796,1.7873188316401145
2024-10-07,0.019795932344472147,0.01678081968458909,2.026886458011634,1.8175645710694897
2024-10-08,0.001707249377372035,0.00406561364564992,2.030349814220223,1.8249691282264986
2024-10-09,-0.005759367325464504,-0.0014895007546103203,2.0186898929559645,1.8222528587777573
2024-10-10,-0.004134727091368811,-0.00564514496256952,2.0103603931375007,1.8119949581408148
2024-10-11,0.007920875796878581,0.00590892892853486,2.026347440239847,1.822733603267394
2024-10-14,-0.001693334613621805,-0.00863998009168217,2.0229190594971618,1.807053058564714
2024-10-15,-0.004134013748104827,0.0015889268589976801,2.0145735464122576,1.809926616036856
2024-10-16,0.004492082159523199,0.0027384655163485904,2.0236435326089515,1.8148898303559509
2024-10-17,0.003950797813891656,0.00221300264237646,2.0316543531999773,1.8189106337294454
2024-10-18,-8.585340177933722e-05,0.0028199499777990704,2.0314799362497666,1.824047109629378
2024-10-21,0.002116283458158307,0.0028885503166138395,2.0357836759948005,1.8293235784895325
2024-10-22,-0.01565395154303824,-0.01918144773727091,2.0041637510576145,1.7945688920699092
2024-10-23,0.019969953703425823,0.018759558445593173,2.0445891112083037,1.828551969239039
2024-10-24,0.0013292364874178534,0.008833309064359671,2.047308660718494,1.8447756829713784
2024-10-25,0.0018791078279504548,1.6365385910780196e-05,2.051159391284964,1.8448058736843898
2024-10-28,0.015878691645643515,0.010517203158804351,2.0839890752052295,1.8643104589034
2024-10-29,0.0007190927763439815,-0.00788268434551447,2.0854881956339257,1.8496724572036112
2024-10-30,-0.044735921383793974,-0.03230885716255791,1.9942480321485587,1.7908667420451894
2024-10-31,0.021055259547270232,0.00575759261780784,2.0366826099142448,1.8012075637315736
2024-11-01,-0.011872785581502319,-0.01033043022692092,2.0126444960481487,1.7826960950131965
2024-11-04,0.009073955550600955,0.015646608884394123,2.03099025115043,1.8108086027470738
2024-11-05,0.016308225999885205,0.03176488456069383,2.0643836526380404,1.8692520394095429
2024-11-06,0.025571468683384717,0.01874511719499307,2.117853714932592,1.9046218579728635
2024-11-07,0.004434710068693698,0.008399255107890599,2.127266638492948,1.9206866344760707
2024-11-08,-0.0016295041006771805,0.00243871352989698,2.1238030714969978,1.9253763550765262
2024-11-11,-0.007386368105404275,-0.0044933467778801705,2.1081736735304144,1.9167443791891698
2024-11-12,-0.010127404127465123,-0.0018129459446111402,2.0869310944199393,1.913272573289196
2024-11-13,-0.008665361304100335,-0.012578155699608368,2.068925208891299,1.8893578498191042
2024-11-14,-0.026541056708562848,-0.022494201372332927,2.0147360473919917,1.8473326871249434
2024-11-15,-5.517606419569511e-05,0.005239393281487789,2.0146248852532764,1.8570369897238714
2024-11-18,0.003936534527074294,0.01117228195055496,2.0225711557958723,1.8779006609581526
2024-11-19,0.0005677713747796203,-0.0015183629029604186,2.0237198398656973,1.87505148984435
2024-11-20,-0.015899416003480663,-0.0077011412055974695,1.9917983155092598,1.8606669134729945
2024-11-21,-0.0024714592431277936,-0.00014868737429994948,1.9868817452060878,1.8603902763619158
2024-11-22,0.009828784998369108,-0.00014263079226045985,2.006506665268301,1.8601249463454497
2024-11-25,0.011450015996105447,0.01378155144781914,2.029613231514277,1.8859378161349922
2024-11-26,-0.013692622729297195,-0.00803138160857381,2.0020119017877858,1.8708517917441705
2024-11-27,0.005628966671594946,0.01103385433317587,2.0133129367941125,1.8916088022184985
2024-11-29,0.00197697538723696,0.014461627917131858,2.017297143959045,1.9191633061482112
2024-12-02,0.008402828815907471,0.006690527088624299,2.0343195646148113,1.9320465700907647
2024-12-03,0.020728765465354824,0.01383163722681596,2.076928588298335,1.9589556063621538
2024-12-04,0.0033942942327185224,0.0035403425745722202,2.083990272965192,1.965903271597719
2024-12-05,0.012428184514689881,0.01530240164391351,2.110052103767587,1.996217663007918
2024-12-06,-0.0010893661798312309,-0.00644514703617384,2.107754735932666,1.9833931190834375
2024-12-09,0.009030027542108063,0.0009509224363147692,2.1268740131324577,1.9852800691297838
2024-12-10,0.010388677915970458,0.02514330910312254,2.1490845917411394,2.0358294053363166
2024-12-11,-0.002199422465990713,-0.00865221714958655,2.144363041054436,2.018290949916069
2024-12-12,-0.00034866813073479875,0.020637238692506183,2.1436155003306814,2.0603756645200035
2024-12-13,0.010062295340483121,0.02176202055168373,2.1652940778036887,2.1057050425731645
2024-12-16,0.00489435499966034,-0.0021597440495845096,2.175917772558605,2.1011621661283235
2024-12-17,-0.028735402371926424,-0.03878025823216018,2.114281709508428,2.0212383049881635
2024-12-18,0.0031521046110926944,-0.0006152128671166301,2.120956661180363,2.019995195603079
2024-12-19,0.01052507695267341,0.00509635064035526,2.143397783358059,2.03031607648716
2024-12-20,0.032897604282206276,0.019326232416370027,2.215083108160668,2.069936056152766
2024-12-23,0.016606650881739,0.01736318646391637,2.2521753565814917,2.106190578045422
2024-12-24,-0.005519679973240349,-0.0015695762327600897,2.239778314696357,2.102887344389123
2024-12-26,-0.017549786515045407,-0.01721147099389178,2.2008135947637566,2.0670032546807664
2024-12-27,-0.014750425176279692,-0.013748290482305432,2.1685889067041524,2.038779949160969
2024-12-30,-0.009443368221345276,-0.01160646787600644,2.148206513828175,2.0152537075597436
