Date,Macro_Sentiment,Macro_News_Volume,Macro_Sentiment_3d
2020-01-06,0.07034,5,0.05232
2020-01-07,0.006974999999999992,4,0.059371666666666656
2020-01-08,0.045533333333333335,6,0.04094944444444444
2020-01-09,-0.16745714285714283,7,-0.03831626984126984
2020-01-10,0.21230000000000002,3,0.030125396825396836
2020-01-13,0.0903,4,0.04504761904761906
2020-01-14,0.28359999999999996,7,0.1954
2020-01-15,0.1527285714285714,7,0.1755428571428571
2020-01-16,-0.129725,8,0.10220119047619046
2020-01-17,0.08808,5,0.03702785714285713
2020-01-21,0.13566666666666666,6,0.03134055555555555
2020-01-22,0.07136666666666668,3,0.09837111111111112
2020-01-23,0.0,2,0.06901111111111112
2020-01-24,0.0,2,0.02378888888888889
2020-01-27,0.131775,4,0.043925
2020-01-28,0.0389,6,0.05689166666666667
2020-01-29,-0.2294,2,-0.019575
2020-01-30,0.11249999999999999,3,-0.026000000000000006
2020-01-31,0.7884,1,0.22383333333333333
2020-02-03,0.3347428571428571,7,0.41188095238095235
2020-02-04,0.1186,3,0.4139142857142857
2020-02-05,0.085875,4,0.17973928571428568
2020-02-06,0.0,3,0.06815833333333333
2020-02-07,-0.012599999999999991,6,0.024425000000000006
2020-02-10,0.018771428571428567,7,0.0020571428571428594
2020-02-11,-0.06086666666666666,6,-0.018231746031746026
2020-02-12,0.1657,6,0.0412015873015873
2020-02-13,0.1858,3,0.09687777777777777
2020-02-14,0.31845,2,0.22331666666666664
2020-02-18,0.2023,1,0.23551666666666668
2020-02-19,0.11745714285714286,7,0.21273571428571428
2020-02-20,-0.233225,4,0.02884404761904763
2020-02-21,-0.03654999999999999,6,-0.05077261904761904
2020-02-24,-0.08020000000000001,7,-0.11665833333333332
2020-02-25,0.0754,8,-0.013783333333333323
2020-02-26,-0.09796,10,-0.03425333333333333
2020-02-27,-0.13399411764705882,17,-0.05218470588235293
2020-02-28,-0.249075,16,-0.16034303921568627
2020-03-02,-0.08772499999999998,4,-0.1569313725490196
2020-03-03,0.09854,5,-0.07941999999999998
2020-03-04,-0.02372500000000001,4,-0.004303333333333321
2020-03-05,0.004259999999999997,5,0.02635833333333334
2020-03-06,-0.25994,5,-0.09313500000000001
2020-03-09,-0.15033125,32,-0.1353370833333333
2020-03-10,-0.050600000000000006,8,-0.15362374999999998
2020-03-11,-0.22691,10,-0.14261374999999998
2020-03-12,-0.182972,25,-0.153494
2020-03-13,0.11506666666666666,15,-0.09827177777777775
2020-03-16,-0.233045,20,-0.10031677777777775
2020-03-17,-0.13255714285714285,14,-0.08351182539682538
2020-03-18,-0.04573333333333333,12,-0.13711182539682537
2020-03-19,0.11999166666666668,12,-0.019432936507936472
2020-03-20,-0.13275,6,-0.019497222222222194
2020-03-23,-0.13095555555555555,9,-0.0479046296296296
2020-03-24,-0.07136,10,-0.1116885185185185
2020-03-25,-0.046599999999999996,12,-0.08297185185185184
2020-03-26,-0.10212000000000002,5,-0.07336
2020-03-27,0.08844444444444445,9,-0.020091851851851836
2020-03-30,0.12135,4,0.035891481481481496
2020-03-31,-0.40814000000000006,10,-0.06611518518518518
2020-04-01,-0.08872857142857142,7,-0.12517285714285714
2020-04-02,0.3008166666666667,6,-0.06535063492063492
2020-04-03,-0.23224,5,-0.006717301587301568
2020-04-06,-0.10630000000000002,10,-0.012574444444444435
2020-04-07,-0.0258,2,-0.12144666666666665
2020-04-08,0.1660375,8,0.011312500000000003
2020-04-09,0.32206,5,0.15409916666666668
2020-04-13,-0.037974999999999995,4,0.15004083333333335
2020-04-14,0.2299857142857143,7,0.1713569047619048
2020-04-15,0.0,4,0.06400357142857144
2020-04-16,-0.00516,5,0.07494190476190477
2020-04-17,0.0843,5,0.02638
2020-04-20,0.07308,5,0.05074000000000001
2020-04-21,-0.09106666666666667,3,0.022104444444444444
2020-04-22,0.0,1,-0.005995555555555555
2020-04-24,0.0258,1,-0.021755555555555556
2020-04-27,-0.17235,4,-0.048850000000000005
2020-04-28,0.31845,4,0.0573
2020-04-29,0.0,1,0.0487
2020-04-30,0.018000000000000002,4,0.11215000000000001
2020-05-01,-0.0146,7,0.001133333333333334
2020-05-04,0.16114,5,0.054846666666666676
2020-05-05,-0.1447,7,0.0006133333333333361
2020-05-06,0.074,4,0.030146666666666672
2020-05-07,0.06425714285714286,7,-0.002147619047619042
2020-05-08,0.1323,8,0.09018571428571427
2020-05-11,-0.1272,5,0.023119047619047612
2020-05-12,0.11600000000000003,4,0.040366666666666676
2020-05-13,-0.025675,4,-0.012291666666666659
2020-05-14,0.041679999999999995,5,0.04400166666666668
2020-05-15,0.2979,3,0.10463499999999999
2020-05-18,0.21075,2,0.18344333333333332
2020-05-19,-0.07543333333333334,3,0.14440555555555556
2020-05-20,-0.08664999999999999,6,0.01622222222222222
2020-05-21,0.17131666666666664,6,0.0030777777777777717
2020-05-22,-0.06743333333333333,3,0.005744444444444441
2020-05-26,0.169125,8,0.09100277777777777
2020-05-27,0.04615714285714285,7,0.049282936507936505
2020-05-28,-0.0065100000000000045,10,0.0695907142857143
2020-05-29,0.05767499999999999,4,0.032440714285714274
2020-06-01,-0.08654285714285716,7,-0.011792619047619054
2020-06-02,-0.14928571428571427,7,-0.05938452380952381
2020-06-03,0.31845,2,0.027540476190476188
2020-06-04,0.05273333333333333,6,0.07396587301587303
2020-06-05,0.21673333333333333,6,0.19597222222222221
2020-06-08,0.10848750000000001,8,0.1259847222222222
2020-06-09,0.0413125,8,0.12217777777777776
2020-06-10,-0.10336666666666666,6,0.015477777777777776
2020-06-11,0.07455999999999999,5,0.0041686111111110995
2020-06-12,0.0,4,-0.009602222222222234
2020-06-15,-0.05303333333333333,6,0.0071755555555555435
2020-06-16,0.26724000000000003,5,0.07140222222222223
2020-06-17,0.13006666666666666,6,0.11475777777777778
2020-06-18,-0.1998,3,0.06583555555555555
2020-06-19,0.008099999999999998,6,-0.02054444444444446
2020-06-22,0.0,3,-0.06390000000000001
2020-06-24,0.1830857142857143,7,0.06372857142857143
2020-06-25,0.025675000000000003,4,0.06958690476190475
2020-06-26,-0.26815,4,-0.019796428571428576
2020-06-29,0.15648,10,-0.028665000000000006
2020-06-30,0.06643333333333333,9,-0.015078888888888897
2020-07-01,0.27332727272727275,11,0.16541353535353534
2020-07-02,0.17933333333333332,9,0.17303131313131312
2020-07-06,0.14883333333333335,6,0.2004979797979798
2020-07-07,0.0,1,0.10938888888888887
2020-07-08,0.07429999999999999,5,0.07437777777777776
2020-07-09,0.0,2,0.024766666666666645
2020-07-10,-0.07955,4,-0.00175000000000002
2020-07-13,0.12163333333333333,6,0.014027777777777759
2020-07-14,-0.031233333333333325,3,0.0036166666666666513
2020-07-15,-0.1516,5,-0.02040000000000002
2020-07-16,0.0,1,-0.06094444444444447
2020-07-20,0.33738333333333337,6,0.06192777777777777
2020-07-21,0.18578333333333333,6,0.1743888888888889
2020-07-22,0.23156666666666667,6,0.25157777777777773
2020-07-23,0.11550000000000002,5,0.17761666666666664
2020-07-24,-0.176,4,0.057022222222222224
2020-07-27,-0.5643,3,-0.20826666666666668
2020-07-28,0.08893333333333332,6,-0.21712222222222224
2020-07-29,-0.1682,3,-0.2145222222222222
2020-07-30,0.28595,2,0.06889444444444444
2020-07-31,-0.013528571428571421,7,0.0347404761904762
2020-08-03,0.3123666666666667,6,0.1949293650793651
2020-08-04,0.0622,6,0.12034603174603174
2020-08-05,0.0,1,0.12485555555555555
2020-08-06,-0.048857142857142856,7,0.0044476190476190475
2020-08-07,-0.09545,4,-0.04810238095238095
2020-08-10,-0.04731250000000001,8,-0.06387321428571428
2020-08-11,0.1142,8,-0.009520833333333334
2020-08-12,0.12040000000000001,3,0.06242916666666667
2020-08-13,0.0,1,0.0782
2020-08-14,-0.13054,5,-0.003379999999999985
2020-08-17,0.039775,8,-0.030254999999999987
2020-08-18,-0.128,16,-0.07292166666666665
2020-08-19,-0.0736,7,-0.05394166666666666
2020-08-20,0.2634571428571429,7,0.020619047619047638
2020-08-21,-0.02036249999999999,8,0.05649821428571431
2020-08-24,0.08600000000000002,2,0.10969821428571432
2020-08-25,0.043628571428571426,14,0.03642202380952383
2020-08-26,-0.01031666666666666,6,0.03977063492063494
2020-08-27,0.21423333333333336,3,0.08251507936507939
2020-08-28,0.059333333333333335,9,0.08775000000000001
2020-08-31,-0.05955,4,0.0713388888888889
2020-09-01,0.19571666666666668,6,0.06516666666666668
2020-09-02,0.06847142857142859,7,0.06821269841269843
2020-09-03,-0.14195,10,0.04074603174603177
2020-09-04,-0.031375,4,-0.034951190476190455
2020-09-08,-0.049516666666666674,12,-0.07428055555555554
2020-09-09,-0.2667,6,-0.11586388888888888
2020-09-10,0.13906666666666667,3,-0.05904999999999999
2020-09-11,0.4019,1,0.09142222222222222
2020-09-14,-0.03291999999999999,5,0.16934888888888888
2020-09-15,0.01100000000000001,4,0.12666000000000002
2020-09-16,0.14698333333333333,6,0.0416877777777778
2020-09-17,0.34165999999999996,5,0.1665477777777778
2020-09-18,-0.20212,5,0.09550777777777779
2020-09-21,-0.019533333333333347,3,0.040002222222222224
2020-09-22,-0.1998,3,-0.14048444444444444
2020-09-23,-0.10204909090909091,55,-0.10712747474747474
2020-09-24,0.30108,5,-0.00025636363636361015
2020-09-25,-0.3026666666666667,3,-0.03454525252525251
2020-09-28,0.05666666666666667,6,0.01836000000000002
2020-09-29,0.1662142857142857,7,-0.026595238095238078
2020-09-30,-0.02641249999999999,8,0.06548948412698415
2020-10-01,0.0,3,0.04660059523809527
2020-10-02,-0.1626,2,-0.06300416666666664
2020-10-05,0.3488,2,0.062066666666666694
2020-10-06,-0.6335,2,-0.14909999999999995
2020-10-07,0.07076,5,-0.0713133333333333
2020-10-08,-0.2047,4,-0.2558133333333333
2020-10-09,0.0,1,-0.04464666666666665
2020-10-12,0.033716666666666666,6,-0.056994444444444424
2020-10-13,0.085,4,0.03957222222222224
2020-10-14,0.18076666666666666,3,0.09982777777777779
2020-10-15,-0.08530000000000001,2,0.060155555555555566
2020-10-16,-0.09106666666666667,3,0.0014666666666666762
2020-10-19,0.20010000000000003,6,0.007911111111111138
2020-10-20,0.0,5,0.036344444444444464
2020-10-21,0.05148333333333333,6,0.08386111111111112
2020-10-22,0.051983333333333326,6,0.0344888888888889
2020-10-23,0.09580000000000001,4,0.06642222222222224
2020-10-26,0.004833333333333319,3,0.05087222222222224
2020-10-27,0.07105,6,0.0572277777777778
2020-10-28,-0.50335,2,-0.14248888888888886
2020-10-29,-0.14579999999999999,5,-0.19269999999999995
2020-10-30,0.7096,1,0.02015000000000004
2020-11-02,0.14478,10,0.23619333333333337
2020-11-03,0.1640333333333333,15,0.3394711111111111
2020-11-04,0.13758,5,0.1487977777777778
2020-11-05,0.183,4,0.1615377777777778
2020-11-06,0.12191250000000001,8,0.14749750000000003
2020-11-09,0.09921666666666668,6,0.13470972222222224
2020-11-10,-0.005699999999999997,4,0.07180972222222226
2020-11-11,0.4215,1,0.17167222222222225
2020-11-12,-0.162325,4,0.0844916666666667
2020-11-13,0.26146,5,0.17354500000000006
2020-11-16,0.25279999999999997,11,0.1173116666666667
2020-11-17,0.09353571428571428,14,0.2025985714285715
2020-11-18,0.23263333333333333,3,0.19298968253968254
2020-11-19,-0.08307142857142857,7,0.08103253968253972
2020-11-20,-0.17885714285714285,7,-0.009765079365079329
2020-11-23,0.16315,6,-0.032926190476190435
2020-11-24,0.16932307692307694,13,0.051205311355311395
2020-11-25,0.038450000000000005,8,0.12364102564102568
2020-11-27,0.3556333333333333,3,0.18780213675213678
2020-11-30,0.1473,7,0.1804611111111111
2020-12-01,-0.0039000000000000024,9,0.16634444444444446
2020-12-02,0.17843333333333333,6,0.10727777777777779
2020-12-03,0.0,1,0.058177777777777794
2020-12-04,0.16815000000000002,6,0.1155277777777778
2020-12-07,0.16975,4,0.11263333333333336
2020-12-08,-0.09106666666666667,3,0.0822777777777778
2020-12-09,0.024900000000000002,4,0.0345277777777778
2020-12-10,0.0425,8,-0.00788888888888887
2020-12-11,0.23450000000000001,6,0.10063333333333335
2020-12-14,0.160225,4,0.14574166666666669
2020-12-15,0.08523333333333333,6,0.15998611111111113
2020-12-16,0.19748333333333332,6,0.14764722222222224
2020-12-17,-0.060200000000000004,6,0.07417222222222224
2020-12-18,0.010345454545454541,11,0.04920959595959598
2020-12-21,0.06746153846153846,13,0.005868997668997696
2020-12-22,-0.0516,7,0.008735664335664363
2020-12-23,0.07543333333333334,3,0.030431623931623963
2020-12-24,-0.0061500000000000036,4,0.0058944444444444756
2020-12-28,-0.125,2,-0.018572222222222195
2020-12-29,0.04762,5,-0.027843333333333303
2020-12-30,0.07024999999999999,6,-0.0023766666666666333
2021-01-04,-0.028642857142857144,7,0.029742380952380982
2021-01-05,0.058124999999999996,4,0.03324404761904765
2021-01-06,0.11093333333333333,6,0.04680515873015876
2021-01-07,0.09334285714285714,7,0.08746706349206353
2021-01-08,-0.2173,2,-0.004341269841269803
2021-01-11,0.1589,3,0.011647619047619092
2021-01-12,0.11315,2,0.018250000000000044
2021-01-13,-0.1473,4,0.04158333333333338
2021-01-14,0.17020000000000002,3,0.04535000000000005
2021-01-15,-0.016557142857142854,7,0.002114285714285763
2021-01-19,0.07461111111111111,9,0.07608465608465613
2021-01-20,-0.036306666666666675,15,0.007249100529100566
2021-01-21,0.02560000000000001,6,0.021301481481481522
2021-01-25,0.11600000000000002,5,0.035097777777777825
2021-01-26,-0.061340000000000006,5,0.02675333333333338
2021-01-27,0.0129,2,0.022520000000000043
2021-01-28,0.0,4,-0.01614666666666663
2021-01-29,-0.04197142857142856,7,-0.009690476190476147
2021-02-01,0.354325,4,0.10411785714285719
2021-02-02,0.1108625,8,0.14107202380952386
2021-02-03,0.18783333333333332,3,0.21767361111111114
2021-02-04,0.0903,4,0.1296652777777778
2021-02-05,0.08875,6,0.12229444444444448
2021-02-08,0.0,2,0.059683333333333366
2021-02-09,0.12765,4,0.07213333333333338
2021-02-10,0.26335,2,0.13033333333333338
2021-02-11,0.08499999999999999,2,0.1586666666666667
2021-02-12,-0.099275,4,0.08302500000000003
2021-02-16,0.12248,5,0.03606833333333337
2021-02-17,0.052766666666666656,3,0.025323888888888924
2021-02-18,-0.09686,5,0.026128888888888924
2021-02-19,0.0,1,-0.014697777777777745
2021-02-22,0.14895,4,0.01736333333333337
2021-02-23,0.0,2,0.049650000000000034
2021-02-24,0.296,1,0.14831666666666668
2021-02-25,-0.07454999999999995,2,0.07381666666666671
2021-02-26,0.038275,4,0.08657500000000007
2021-03-01,0.015212499999999997,8,-0.0070208333333332705
2021-03-02,0.1997,4,0.08439583333333338
2021-03-03,0.05242499999999999,8,0.08911250000000004
2021-03-04,0.13914999999999997,10,0.130425
2021-03-05,-0.030559999999999997,5,0.0536716666666667
2021-03-08,0.025099999999999997,4,0.04456333333333337
2021-03-09,0.13135714285714287,7,0.041965714285714335
2021-03-10,-0.16215,4,-0.0018976190476189907
2021-03-11,-0.11273333333333334,3,-0.047842063492063436
2021-03-12,0.12040000000000001,3,-0.05149444444444438
2021-03-15,0.0,3,0.0025555555555556025
2021-03-16,0.025633333333333327,9,0.04867777777777782
2021-03-17,0.0243,6,0.01664444444444449
2021-03-18,0.10809999999999999,6,0.05267777777777782
2021-03-19,-0.02189999999999999,4,0.03683333333333338
2021-03-22,-0.13221666666666668,6,-0.015338888888888846
2021-03-23,0.19190000000000002,8,0.0125944444444445
2021-03-24,0.039775,8,0.03315277777777783
2021-03-25,0.0,2,0.07722500000000006
2021-03-26,0.2843857142857143,7,0.10805357142857148
2021-03-29,0.33538,5,0.20658857142857148
2021-03-30,0.13553333333333334,9,0.25176634920634927
2021-03-31,0.1129625,8,0.19462527777777783
2021-04-01,0.11707142857142856,7,0.121855753968254
2021-04-05,-0.3511333333333333,3,-0.0403664682539682
2021-04-06,0.17822500000000002,4,-0.018612301587301528
2021-04-07,0.0,2,-0.057636111111111055
2021-04-08,0.13006666666666666,6,0.10276388888888893
2021-04-09,0.10846,5,0.07950888888888892
2021-04-12,0.0,4,0.07950888888888892
2021-04-13,0.0,4,0.03615333333333337
2021-04-14,0.10115,2,0.03371666666666671
2021-04-15,-0.17,2,-0.022949999999999967
2021-04-16,0.30953333333333327,3,0.08022777777777779
2021-04-19,0.002457142857142856,7,0.04733015873015873
2021-04-20,-0.05352499999999999,4,0.08615515873015876
2021-04-21,-0.15495,6,-0.06867261904761902
2021-04-22,0.0054,2,-0.06769166666666664
2021-04-23,0.16415,4,0.004866666666666686
2021-04-26,0.6369,1,0.2688166666666667
2021-04-27,0.00274285714285715,7,0.26793095238095244
2021-04-28,-0.12422,5,0.1718076190476191
2021-04-29,0.1589,3,0.012474285714285752
2021-04-30,0.11140000000000001,7,0.04869333333333337
2021-05-03,0.22296666666666667,6,0.16442222222222225
2021-05-04,0.07044444444444445,9,0.13493703703703708
2021-05-05,0.09746666666666666,3,0.13029259259259263
2021-05-06,0.09035000000000001,2,0.08608703703703706
2021-05-07,0.06705000000000001,4,0.08495555555555558
2021-05-10,0.008440000000000003,10,0.05528000000000003
2021-05-11,-0.056575,4,0.006305000000000023
2021-05-12,-0.160125,8,-0.06941999999999998
2021-05-13,-0.09106666666666667,3,-0.10258888888888885
2021-05-14,0.016599999999999993,3,-0.07819722222222221
2021-05-17,-0.17184000000000002,5,-0.0821022222222222
2021-05-18,0.0,6,-0.05174666666666664
2021-05-19,0.5719,1,0.13335333333333335
2021-05-20,-0.08038,5,0.16384
2021-05-21,-0.20095,2,0.0968566666666667
2021-05-24,-0.017512499999999993,8,-0.09961416666666661
2021-05-25,0.0,2,-0.07282083333333328
2021-05-26,0.10533999999999999,5,0.029275833333333372
2021-05-27,0.42948000000000003,5,0.17827333333333337
2021-05-28,-0.015333333333333338,6,0.17316222222222225
2021-06-01,0.20461666666666667,6,0.2062544444444445
2021-06-02,0.10686,5,0.09871444444444448
2021-06-03,0.2238,5,0.1784255555555556
2021-06-04,0.01516666666666667,6,0.11527555555555558
2021-06-07,0.070025,8,0.10299722222222225
2021-06-08,0.09795000000000001,4,0.061047222222222274
2021-06-09,0.2607,3,0.14289166666666672
2021-06-10,0.3256333333333334,3,0.22809444444444452
2021-06-11,-0.5209,1,0.021811111111111153
2021-06-14,0.4019,1,0.0688777777777778
2021-06-15,-0.050575,4,-0.056525
2021-06-16,0.09755000000000001,6,0.149625
2021-06-17,-0.2083,3,-0.05377499999999999
2021-06-18,0.0,1,-0.03691666666666665
2021-06-21,0.0,6,-0.06943333333333333
2021-06-22,0.31845,2,0.10615000000000001
2021-06-23,-0.12040000000000001,3,0.06601666666666667
2021-06-24,0.18783333333333332,3,0.12862777777777779
2021-06-25,0.07039999999999999,5,0.045944444444444434
2021-06-28,0.062139999999999994,10,0.1067911111111111
2021-06-29,0.26788,5,0.13347333333333333
2021-06-30,0.04046,5,0.12349333333333333
2021-07-01,0.07294,5,0.12709333333333334
2021-07-02,0.14264000000000002,5,0.08534666666666668
2021-07-06,0.17770000000000002,2,0.13109333333333337
2021-07-07,0.20934285714285714,7,0.17656095238095237
2021-07-08,0.5362,2,0.30774761904761905
2021-07-09,0.24925000000000003,2,0.33159761904761903
2021-07-12,0.1585,3,0.31465000000000004
2021-07-13,0.00883333333333334,6,0.13886111111111113
2021-07-14,0.0,4,0.05577777777777778
2021-07-15,0.03148333333333333,6,0.013438888888888889
2021-07-16,0.20755,4,0.07967777777777778
2021-07-19,-0.04795714285714286,7,0.0636920634920635
2021-07-20,0.022325000000000005,8,0.06063928571428572
2021-07-21,0.33895,4,0.10443928571428569
2021-07-22,-0.020099999999999993,8,0.11372499999999998
2021-07-23,-0.0127,4,0.10204999999999999
2021-07-26,0.13556,5,0.03425333333333334
2021-07-27,0.2202,2,0.11435333333333335
2021-07-28,-0.4215,2,-0.021913333333333323
2021-07-29,-0.06743333333333333,3,-0.08957777777777777
2021-07-30,0.0946,4,-0.13144444444444445
2021-08-02,0.465775,4,0.1643138888888889
2021-08-03,0.14846666666666666,3,0.23628055555555552
2021-08-04,0.17020000000000002,3,0.26148055555555555
2021-08-05,0.0978,4,0.1388222222222222
2021-08-06,0.34368000000000004,5,0.20389333333333337
2021-08-09,-0.007200000000000012,4,0.14476000000000003
2021-08-10,0.0,1,0.11216000000000004
2021-08-11,-0.044475,4,-0.017225000000000004
2021-08-13,-0.02692500000000002,4,-0.023800000000000005
2021-08-16,0.20167142857142858,7,0.043423809523809524
2021-08-17,-0.0824625,8,0.030761309523809528
2021-08-18,0.04572500000000001,12,0.0549779761904762
2021-08-19,0.11333333333333334,6,0.025531944444444454
2021-08-20,0.10115,2,0.08673611111111112
2021-08-23,0.0,2,0.07149444444444446
2021-08-24,-0.13472,5,-0.011189999999999997
2021-08-25,0.0037600000000000077,5,-0.04365333333333333
2021-08-26,-0.10694999999999999,6,-0.07930333333333332
2021-08-27,0.18964999999999999,4,0.028820000000000012
2021-08-30,0.16772857142857142,7,0.08347619047619048
2021-08-31,0.17020000000000002,3,0.17585952380952383
2021-09-01,0.054700000000000026,7,0.1308761904761905
2021-09-02,-0.013874999999999998,4,0.07034166666666669
2021-09-03,0.29636,5,0.11239500000000002
2021-09-07,0.0,3,0.09416166666666669
2021-09-08,0.059199999999999996,5,0.11852000000000001
2021-09-09,-0.2194,3,-0.0534
2021-09-10,0.0,1,-0.0534
2021-09-13,0.0,1,-0.07313333333333334
2021-09-14,0.18871666666666664,6,0.06290555555555555
2021-09-15,0.0868,11,0.09183888888888887
2021-09-16,-0.11846666666666668,3,0.05234999999999999
2021-09-17,-0.06755,4,-0.033072222222222225
2021-09-20,0.0848,8,-0.03373888888888889
2021-09-21,-0.10715999999999999,5,-0.029969999999999997
2021-09-22,0.08895,2,0.02219666666666667
2021-09-23,0.23225,4,0.07134666666666667
2021-09-24,-0.0041999999999999815,6,0.10566666666666667
2021-09-27,0.03225555555555556,9,0.08676851851851852
2021-09-28,-0.027357142857142858,7,0.00023280423280423965
2021-09-29,0.016899999999999984,9,0.007266137566137562
2021-09-30,0.144275,4,0.044605952380952364
2021-10-01,-0.046966666666666664,6,0.038069444444444434
2021-10-04,0.0337625,8,0.043690277777777765
2021-10-05,0.05296666666666667,3,0.013254166666666664
2021-10-06,-0.045940000000000016,5,0.013596388888888882
2021-10-07,0.36564,5,0.12422222222222222
2021-10-08,-0.130575,4,0.06304166666666666
2021-10-11,0.32989999999999997,5,0.18832166666666664
2021-10-12,-0.05464,5,0.04822833333333331
2021-10-13,0.0,4,0.09175333333333331
2021-10-14,0.10065714285714285,7,0.015339047619047605
2021-10-15,0.0,3,0.03355238095238094
2021-10-18,0.24678,5,0.11581238095238093
2021-10-19,0.11717999999999999,5,0.12131999999999998
2021-10-20,0.03947142857142857,7,0.13447714285714285
2021-10-21,0.3118714285714286,7,0.1561742857142857
2021-10-22,-0.0903,4,0.08701428571428571
2021-10-25,0.0,3,0.07385714285714286
2021-10-26,-0.1489,4,-0.07973333333333334
2021-10-27,0.1472571428571429,7,-0.0005476190476190468
2021-10-28,0.021740000000000016,5,0.00669904761904763
2021-10-29,0.12262222222222222,9,0.09720645502645504
2021-11-01,0.12632727272727273,11,0.09022983164983166
2021-11-02,0.12304999999999999,4,0.12399983164983164
2021-11-03,0.14985,4,0.1330757575757576
2021-11-04,0.2878,5,0.18689999999999998
2021-11-05,0.03256,5,0.15673666666666666
2021-11-08,0.028587499999999995,8,0.11631583333333333
2021-11-09,0.04201666666666667,6,0.03438805555555554
2021-11-10,-0.1278375,8,-0.019077777777777794
2021-11-11,0.0,3,-0.02860694444444446
2021-11-12,0.23201999999999998,5,0.034727499999999974
2021-11-15,-0.13894,5,0.031026666666666636
2021-11-16,-0.0392,7,0.017959999999999973
2021-11-17,0.0,6,-0.05938000000000002
2021-11-18,0.049483333333333344,6,0.003427777777777768
2021-11-19,-0.023645454545454546,11,0.008612626262626252
2021-11-22,0.06408333333333334,12,0.029973737373737364
2021-11-23,0.06342,5,0.034619292929292916
2021-11-24,-0.11148,5,0.005341111111111102
2021-11-26,-0.32985,2,-0.12597
2021-11-29,-0.0822,8,-0.17451000000000003
2021-11-30,0.033273333333333335,15,-0.1262588888888889
2021-12-01,-0.04064444444444443,9,-0.029857037037037047
2021-12-02,0.06826666666666667,9,0.020298518518518507
2021-12-03,0.07605714285714285,7,0.034559788359788346
2021-12-06,0.11747,10,0.08726460317460316
2021-12-07,-0.10868,5,0.028282380952380934
2021-12-08,-0.05309166666666667,12,-0.014767222222222239
2021-12-09,0.28613999999999995,5,0.041456111111111076
2021-12-10,0.11368,5,0.11557611111111109
2021-12-13,0.03666250000000001,8,0.14549416666666662
2021-12-14,0.181,5,0.11044749999999999
2021-12-15,0.10115,4,0.10627083333333331
2021-12-16,0.132475,4,0.13820833333333332
2021-12-17,0.22593333333333332,3,0.1531861111111111
2021-12-20,0.05827,10,0.13889277777777775
2021-12-21,0.0,4,0.09473444444444441
2021-12-22,-0.0890111111111111,9,-0.01024703703703706
2021-12-23,0.18758750000000002,8,0.03285879629629628
2021-12-27,-0.07859999999999999,5,0.006658796296296283
2021-12-28,0.0595375,8,0.05617499999999998
2021-12-29,0.046264705882352944,17,0.00906740196078429
2021-12-30,0.13455,8,0.08011740196078429
2021-12-31,0.10604374999999999,16,0.09561948529411761
2022-01-03,0.13293846153846156,13,0.12451073717948717
2022-01-04,0.17606666666666668,15,0.13834962606837606
2022-01-05,0.24614285714285716,7,0.18504932844932842
2022-01-06,0.12738,5,0.1831965079365079
2022-01-07,-0.20108333333333336,6,0.05747984126984123
2022-01-10,-0.0025999999999999973,9,-0.02543444444444448
2022-01-11,-0.07805714285714285,7,-0.09391349206349209
2022-01-12,0.08614285714285715,7,0.0018285714285714062
2022-01-13,0.08223333333333334,6,0.030106349206349182
2022-01-14,0.1482375,8,0.10553789682539681
2022-01-18,0.20987142857142857,7,0.14678075396825396
2022-01-19,0.15321249999999997,8,0.17044047619047617
2022-01-20,-0.016,8,0.11569464285714283
2022-01-21,-0.10013076923076923,13,0.012360576923076896
2022-01-24,-0.14054583333333334,24,-0.08555886752136754
2022-01-25,-0.06395,8,-0.10154220085470088
2022-01-26,0.0499090909090909,11,-0.05152891414141417
2022-01-27,0.27276,5,0.08623969696969695
2022-01-28,-0.07118571428571428,7,0.08382779220779218
2022-01-31,-0.00420909090909091,11,0.06578839826839826
2022-02-01,-0.12436,5,-0.06658493506493508
2022-02-02,0.00841249999999999,8,-0.04005219696969699
2022-02-03,0.13762000000000002,10,0.007224166666666652
2022-02-04,0.183375,8,0.10980249999999998
2022-02-07,-0.08210833333333334,12,0.07962888888888887
2022-02-08,0.0888,11,0.06335555555555554
2022-02-09,0.14447000000000002,10,0.050387222222222215
2022-02-10,0.23272857142857142,7,0.15533285714285713
2022-02-11,0.17387,10,0.18368952380952383
2022-02-14,0.004962499999999995,8,0.13718702380952377
2022-02-15,-0.0066428571428571405,7,0.057396547619047604
2022-02-16,-0.11333333333333334,3,-0.03833789682539685
2022-02-17,0.12190000000000001,3,0.0006412698412698222
2022-02-18,0.011483333333333345,6,0.006683333333333318
2022-02-22,-0.225225,12,-0.030613888888888902
2022-02-23,-0.0404,17,-0.08471388888888891
2022-02-24,-0.1586076923076923,13,-0.14141089743589744
2022-02-25,0.13006666666666666,6,-0.022980341880341898
2022-02-28,-0.27008333333333334,6,-0.099541452991453
2022-03-01,0.005350000000000001,8,-0.0448888888888889
2022-03-02,-0.06414285714285715,7,-0.10962539682539685
2022-03-03,0.08362,5,0.008275714285714275
2022-03-04,-0.10704444444444444,9,-0.029189100529100537
2022-03-07,-0.06606250000000001,8,-0.029828981481481488
2022-03-08,0.0,2,-0.057702314814814824
2022-03-09,-0.1882857142857143,7,-0.0847827380952381
2022-03-10,-0.029920000000000002,5,-0.0727352380952381
2022-03-11,0.1754,9,-0.014268571428571445
2022-03-14,-0.11962500000000002,12,0.008618333333333325
2022-03-15,0.0020000000000000018,6,0.019258333333333325
2022-03-16,0.08998333333333335,12,-0.009213888888888891
2022-03-17,-0.054333333333333324,6,0.012550000000000007
2022-03-18,0.09366666666666666,6,0.043105555555555564
2022-03-21,0.26683,10,0.10205444444444445
2022-03-22,0.055,4,0.1384988888888889
2022-03-23,-0.004944444444444449,9,0.10562851851851852
2022-03-24,0.005699999999999997,8,0.01858518518518518
2022-03-25,-0.07189999999999999,5,-0.023714814814814817
2022-03-28,-0.026350000000000002,10,-0.030850000000000002
2022-03-29,0.2588333333333333,6,0.053527777777777764
2022-03-30,-0.10056666666666665,6,0.04397222222222221
2022-03-31,-0.07858571428571427,7,0.02656031746031746
2022-04-01,0.07804,10,-0.033704126984126975
2022-04-04,0.38524545454545456,11,0.12823324675324677
2022-04-05,-0.016366666666666658,6,0.1489729292929293
2022-04-06,0.09888749999999999,8,0.15592209595959597
2022-04-07,0.19835714285714287,7,0.09362599206349208
2022-04-08,0.22281666666666666,6,0.17335376984126985
2022-04-11,0.22108333333333333,6,0.2140857142857143
2022-04-12,0.21476,5,0.21955333333333335
2022-04-13,0.042809999999999994,10,0.15955111111111112
2022-04-14,0.15727,10,0.13828
2022-04-18,-0.006357142857142854,7,0.06457428571428571
2022-04-19,-0.11819999999999999,7,0.010904285714285719
2022-04-20,-0.005937500000000002,8,-0.043498214285714286
2022-04-21,-0.33682500000000004,4,-0.15365416666666668
2022-04-22,-0.1909857142857143,7,-0.17791607142857147
2022-04-25,0.0707,7,-0.15237023809523811
2022-04-26,0.03792500000000001,8,-0.027453571428571428
2022-04-27,-0.04688,10,0.020581666666666668
2022-04-28,0.0030000000000000027,4,-0.001984999999999996
2022-04-29,-0.3585,16,-0.13412666666666664
2022-05-02,0.000300000000000004,9,-0.11839999999999999
2022-05-03,0.0,6,-0.11939999999999999
2022-05-04,-0.063025,8,-0.02090833333333333
2022-05-05,0.05152307692307692,13,-0.003833974358974359
2022-05-06,-0.092875,8,-0.03479230769230769
2022-05-09,-0.08447777777777778,18,-0.04194323361823362
2022-05-10,-0.0484375,16,-0.07526342592592593
2022-05-11,-0.03899999999999999,17,-0.057305092592592595
2022-05-12,0.06397272727272728,11,-0.007821590909090903
2022-05-13,-0.026033333333333335,12,-0.00035353535353534773
2022-05-16,-0.1435153846153846,13,-0.03519199689199688
2022-05-17,0.0645,6,-0.03501623931623931
2022-05-18,-0.048805,20,-0.04260679487179486
2022-05-19,-0.170255,20,-0.05151999999999999
2022-05-20,-0.03573684210526316,19,-0.08493228070175439
2022-05-23,0.019057142857142866,14,-0.0623115664160401
2022-05-24,0.0970230769230769,13,0.026781125891652203
2022-05-25,0.11396000000000002,10,0.07668007326007326
2022-05-26,0.05043333333333332,9,0.08713880341880342
2022-05-27,-0.23679999999999998,10,-0.02413555555555555
2022-05-31,0.22449999999999998,7,0.012711111111111098
2022-06-01,0.053228571428571424,7,0.013642857142857137
2022-06-02,-0.08631666666666667,6,0.06380396825396824
2022-06-03,-0.013612499999999993,8,-0.015566865079365076
2022-06-06,0.21177142857142855,7,0.03728075396825397
2022-06-07,-0.11768571428571428,7,0.026824404761904768
2022-06-08,0.128675,8,0.07425357142857143
2022-06-09,0.04074999999999999,12,0.017246428571428572
2022-06-10,0.024111111111111114,9,0.06451203703703703
2022-06-13,-0.09701764705882353,34,-0.010718845315904146
2022-06-14,-0.06338095238095237,21,-0.0454291627762216
2022-06-15,0.1277125,8,-0.010895366479925303
2022-06-16,-0.1285,10,-0.02138948412698413
2022-06-17,0.07452727272727273,11,0.02457992424242424
2022-06-21,0.0,6,-0.017990909090909096
2022-06-22,-0.09691666666666666,6,-0.007463131313131315
2022-06-23,0.03994285714285715,7,-0.018991269841269844
2022-06-24,0.13933076923076923,13,0.0274523199023199
2022-06-27,0.010200000000000004,10,0.06315787545787546
2022-06-28,0.11915384615384617,13,0.08956153846153846
2022-06-29,-0.035283333333333326,12,0.031356837606837606
2022-06-30,-0.22891666666666666,18,-0.048348717948717944
2022-07-01,-0.3667833333333333,12,-0.21032777777777775
2022-07-05,0.01889090909090909,11,-0.19226969696969695
2022-07-06,0.27545000000000003,6,-0.024147474747474734
2022-07-07,0.2892,4,0.1945136363636364
2022-07-08,-0.05194000000000001,5,0.17090333333333332
2022-07-11,-0.0027714285714285835,7,0.07816285714285715
2022-07-12,0.054266666666666664,3,-0.00014825396825397566
2022-07-13,-0.005942857142857137,7,0.01518412698412698
2022-07-14,-0.14151666666666665,6,-0.03106428571428571
2022-07-15,-0.25314,5,-0.1335331746031746
2022-07-18,0.05392727272727273,11,-0.11357646464646463
2022-07-19,0.08560000000000001,6,-0.037870909090909066
2022-07-20,0.0086,3,0.049375757575757594
2022-07-21,0.02352222222222223,9,0.03924074074074076
2022-07-22,0.28641428571428573,7,0.106178835978836
2022-07-25,0.24471428571428572,7,0.1848835978835979
2022-07-26,0.0,2,0.17704285714285717
2022-07-27,0.23349999999999999,5,0.1594047619047619
2022-07-28,0.243875,4,0.15912500000000002
2022-07-29,0.16438333333333335,6,0.21391944444444447
2022-08-01,0.10831818181818181,11,0.17219217171717174
2022-08-02,-0.13971666666666668,6,0.04432828282828285
2022-08-03,-0.0949,6,-0.04209949494949494
2022-08-04,0.06707777777777776,9,-0.05584629629629628
2022-08-05,0.2294,2,0.06719259259259261
2022-08-08,0.11264444444444442,9,0.1363740740740741
2022-08-09,0.0,2,0.11401481481481483
2022-08-10,0.02721,10,0.04661814814814816
2022-08-11,0.09438333333333333,6,0.04053111111111113
2022-08-12,0.28829000000000005,10,0.13662777777777782
2022-08-15,0.19136666666666666,9,0.1913466666666667
2022-08-16,0.366025,4,0.2818938888888889
2022-08-17,0.09461111111111112,9,0.21733425925925928
2022-08-18,0.038650000000000004,10,0.1664287037037037
2022-08-19,-0.08086666666666668,6,0.017464814814814832
2022-08-22,0.0533,8,0.0036944444444444585
2022-08-23,0.19740000000000002,3,0.05661111111111113
2022-08-24,0.18784,5,0.14618000000000003
2022-08-25,0.0,3,0.12841333333333335
2022-08-26,0.032162500000000004,8,0.07333416666666669
2022-08-29,-0.063975,8,-0.010604166666666645
2022-08-30,0.050575,8,0.006254166666666688
2022-08-31,-0.10450714285714287,14,-0.039302380952380936
2022-09-01,-0.07318125,16,-0.04237113095238093
2022-09-02,-0.08151250000000002,8,-0.0864002976190476
2022-09-06,0.2950875,8,0.04679791666666669
2022-09-07,0.08533333333333333,6,0.09963611111111113
2022-09-08,0.21696666666666667,6,0.19912916666666672
2022-09-09,0.2528625,8,0.18505416666666666
2022-09-12,0.17956363636363637,11,0.2164642676767677
2022-09-13,-0.10745,14,0.1083253787878788
2022-09-14,-0.07574545454545455,11,-0.0012106060606060416
2022-09-15,-0.04293,10,-0.07537515151515149
2022-09-16,0.016600000000000004,11,-0.0340251515151515
2022-09-19,-0.13153,10,-0.05261999999999998
2022-09-20,-0.1978285714285714,7,-0.10425285714285713
2022-09-21,-0.06579,10,-0.13171619047619046
2022-09-22,0.17928571428571427,7,-0.028110952380952365
2022-09-23,-0.18987857142857142,14,-0.02546095238095238
2022-09-26,-0.04871818181818182,11,-0.01977034632034632
2022-09-27,-0.08598571428571429,14,-0.10819415584415583
2022-09-28,0.1039,7,-0.010267965367965362
2022-09-29,-0.15029333333333333,15,-0.0441263492063492
2022-09-30,-0.13730666666666666,15,-0.06123333333333333
2022-10-03,0.05346428571428572,14,-0.07804523809523807
2022-10-04,0.22599333333333335,15,0.04738365079365082
2022-10-05,0.14683333333333334,9,0.14209698412698415
2022-10-06,0.00411999999999999,5,0.1256488888888889
2022-10-07,-0.09144444444444444,9,0.019836296296296314
2022-10-10,0.0,5,-0.029108148148148133
2022-10-11,-0.3850166666666666,6,-0.15882037037037033
2022-10-12,-0.00683076923076923,13,-0.13061581196581193
2022-10-13,0.14974166666666666,12,-0.08070192307692305
2022-10-14,0.19947692307692308,13,0.11412927350427353
2022-10-17,0.12454666666666667,15,0.15792175213675216
2022-10-18,-0.15843000000000002,10,0.05519786324786327
2022-10-19,0.02674615384615385,13,-0.0023790598290598145
2022-10-20,-0.06364,5,-0.0651079487179487
2022-10-21,0.08585833333333333,12,0.016321495726495747
2022-10-24,0.16575714285714285,7,0.06265849206349208
2022-10-25,0.1116111111111111,9,0.12107552910052911
2022-10-26,0.08396666666666668,6,0.12044497354497358
2022-10-27,-0.02859999999999999,7,0.055659259259259276
2022-10-28,0.027200000000000012,10,0.027522222222222253
2022-10-31,0.08996666666666668,9,0.029522222222222252
2022-11-01,0.06554285714285714,7,0.060903174603174626
2022-11-02,-0.03491428571428571,7,0.040198412698412726
2022-11-03,-0.06144444444444444,9,-0.010271957671957656
2022-11-04,0.13703333333333334,6,0.013558201058201075
2022-11-07,-0.10142857142857142,14,-0.00861322751322749
2022-11-08,0.1875125,8,0.07437242063492065
2022-11-09,0.12626428571428572,14,0.07078273809523812
2022-11-10,0.0259625,16,0.1132464285714286
2022-11-11,0.2678833333333333,6,0.14003670634920637
2022-11-14,0.10922500000000002,8,0.13435694444444446
2022-11-15,0.05598000000000001,10,0.1443627777777778
2022-11-16,0.036614285714285724,7,0.06727309523809527
2022-11-17,-0.10953333333333333,6,-0.005646349206349183
2022-11-18,0.10889999999999997,4,0.011993650793650806
2022-11-21,0.03935833333333333,12,0.01290833333333334
2022-11-22,0.11355454545454546,11,0.08727095959595961
2022-11-23,0.017830000000000006,10,0.056914292929292946
2022-11-25,0.0369,5,0.056094848484848504
2022-11-28,0.011363636363636364,11,0.022031212121212135
2022-11-29,-0.0077500000000000025,14,0.013504545454545469
2022-11-30,0.02392857142857143,14,0.009180735930735944
2022-12-01,0.04409333333333333,15,0.020090634920634936
2022-12-02,0.019466666666666674,6,0.02916285714285716
2022-12-05,-0.14684444444444444,9,-0.027761481481481467
2022-12-06,0.007500000000000019,9,-0.039959259259259236
2022-12-07,-0.2729857142857143,7,-0.13744338624338623
2022-12-08,0.031214285714285733,7,-0.07809047619047617
2022-12-09,0.05666,10,-0.061703809523809494
2022-12-12,-0.028115384615384615,13,0.01991963369963373
2022-12-13,0.06884736842105263,19,0.03246399460188936
2022-12-14,0.2893111111111111,9,0.1100143649722597
2022-12-15,0.010390909090909083,11,0.12284979620769093
2022-12-16,-0.3012222222222222,9,-0.0005067340067340109
2022-12-19,-0.002828571428571434,14,-0.09788662818662819
2022-12-20,0.1297636363636364,11,-0.05809571909571907
2022-12-21,-0.060581818181818174,11,0.022117748917748942
2022-12-22,0.18775999999999998,10,0.08564727272727275
2022-12-23,-0.1999111111111111,9,-0.024244309764309746
2022-12-27,-0.13943333333333333,15,-0.05052814814814813
2022-12-28,0.10479411764705882,17,-0.07818344226579517
2022-12-29,0.03859166666666667,12,0.0013174836601307384
2022-12-30,-0.23545263157894739,19,-0.030688949088407285
2023-01-03,0.034426315789473694,19,-0.054144883040935655
2023-01-04,-0.044475,16,-0.08183377192982455
2023-01-05,-0.021127272727272724,11,-0.010391985645932992
2023-01-06,0.11917368421052632,19,0.017857137161084547
2023-01-09,0.041395,20,0.04648047049441789
2023-01-10,0.11652777777777779,18,0.09236548732943473
2023-01-11,0.2453090909090909,11,0.13441062289562292
2023-01-12,0.019437500000000003,8,0.12709145622895623
2023-01-13,0.08737857142857143,14,0.11737505411255411
2023-01-17,-0.05055333333333333,15,0.018754246031746056
2023-01-18,-0.22373333333333334,6,-0.06230269841269839
2023-01-19,-0.16221818181818182,11,-0.14550161616161614
2023-01-20,0.1634923076923077,13,-0.07415306915306914
2023-01-23,-0.040195238095238096,21,-0.012973704073704058
2023-01-24,-0.033859999999999994,25,0.02981235653235655
2023-01-25,-0.06042,15,-0.044825079365079346
2023-01-26,0.2119,16,0.03920666666666669
2023-01-27,-0.053093749999999995,16,0.03279541666666669
2023-01-30,0.12470769230769231,13,0.09450464743589747
2023-01-31,0.14359999999999998,16,0.07173798076923078
2023-02-01,0.1781095238095238,21,0.14880573870573874
2023-02-02,0.08320000000000001,17,0.13496984126984127
2023-02-03,0.23243,10,0.1645798412698413
2023-02-06,0.01703684210526316,19,0.11088894736842109
2023-02-07,0.17023333333333335,15,0.13990005847953216
2023-02-08,-0.027128571428571426,14,0.05338053467000838
2023-02-09,0.062107692307692315,13,0.06840415140415143
2023-02-10,-0.039028571428571426,7,-0.0013498168498168271
2023-02-13,0.08426842105263158,19,0.035782513977250845
2023-02-14,0.10092727272727271,11,0.04872237411711097
2023-02-15,0.12258,15,0.1025918979266348
2023-02-16,0.05792727272727272,22,0.09381151515151516
2023-02-17,0.09338823529411766,17,0.09129850267379681
2023-02-21,-0.140992,25,0.0034411693404634847
2023-02-22,-0.014299999999999998,20,-0.02063458823529409
2023-02-23,0.05563846153846154,13,-0.03321784615384613
2023-02-24,-0.05869,20,-0.005783846153846128
2023-02-27,-0.10844999999999999,12,-0.03716717948717946
2023-02-28,-0.10343571428571428,14,-0.09019190476190474
2023-03-01,-0.029666666666666668,21,-0.08051746031746028
2023-03-02,0.16676470588235293,17,0.011220774976657355
2023-03-03,0.08337222222222222,18,0.07349008714596954
2023-03-06,0.1432,29,0.13111230936819177
2023-03-07,0.044575000000000004,24,0.09038240740740744
2023-03-08,0.0391,15,0.07562500000000003
2023-03-09,-0.008611538461538452,26,0.025021153846153877
2023-03-10,-0.27957647058823526,17,-0.08302933634992454
2023-03-13,-0.1402142857142857,21,-0.1428007649213531
2023-03-14,-0.02849411764705882,17,-0.14942829131652657
2023-03-15,-0.07874999999999999,24,-0.08248613445378149
2023-03-16,-0.020057142857142853,14,-0.04243375350140053
2023-03-17,-0.01079130434782608,23,-0.03653281573498962
2023-03-20,-0.13617894736842107,19,-0.05567579819112998
2023-03-21,-0.07427999999999998,15,-0.0737500839054157
2023-03-22,0.054008695652173914,23,-0.052150083905415694
2023-03-23,0.05594999999999999,16,0.01189289855072466
2023-03-24,0.01424615384615384,13,0.0414016164994426
2023-03-27,0.02619230769230769,13,0.03212948717948719
2023-03-28,0.02911818181818182,11,0.023185547785547805
2023-03-29,0.008876470588235296,17,0.02139565336624162
2023-03-30,0.09507777777777777,18,0.04435747672806498
2023-03-31,0.1289846153846154,26,0.07764628791687617
2023-04-03,0.12643103448275864,29,0.11683114254838395
2023-04-04,-0.12316521739130434,23,0.044083477492023244
2023-04-05,-0.009179999999999997,25,-0.0019713943028485587
2023-04-06,-0.06539473684210526,19,-0.06591331807780319
2023-04-10,0.06122999999999999,20,-0.004448245614035076
2023-04-11,0.13127333333333333,15,0.0423695321637427
2023-04-12,0.02629090909090909,11,0.07293141414141414
2023-04-13,-0.15337058823529415,17,0.0013978847296494308
2023-04-14,-0.11711,20,-0.081396559714795
2023-04-17,0.06766818181818181,22,-0.06760413547237076
2023-04-18,0.07463913043478261,23,0.00839910408432149
2023-04-19,0.12201111111111113,27,0.08810614112135855
2023-04-20,-0.04417,10,0.050826747181964595
2023-05-01,-0.012966666666666663,21,0.021624814814814836
2023-05-02,0.10045625,16,0.014439861111111127
2023-05-03,-0.1473375,16,-0.019949305555555543
2023-05-04,-0.18556923076923076,13,-0.07748349358974357
2023-05-05,-0.04668888888888889,18,-0.1265318732193732
2023-05-08,0.06550526315789475,19,-0.05558428550007496
2023-05-09,-0.07067777777777778,18,-0.01728713450292396
2023-05-10,0.1355375,16,0.04345499512670568
2023-05-11,-0.04676,20,0.006033240740740753
2023-05-12,0.016291666666666666,24,0.035023055555555564
2023-05-15,0.023771428571428565,21,-0.0022323015873015792
2023-05-16,0.13374285714285714,14,0.057935317460317465
2023-05-17,0.11002631578947368,19,0.08918020050125314
2023-05-18,0.21512272727272724,22,0.15296396673501936
2023-05-19,0.036399999999999995,22,0.12051634768740031
2023-05-22,-0.02332903225806452,31,0.07606456500488759
2023-05-23,-0.14758235294117644,17,-0.04483712839974697
2023-05-24,-0.028044444444444445,9,-0.06631860988122845
2023-05-25,-0.05958125,16,-0.07840268246187361
2023-05-26,0.03736470588235294,17,-0.016753662854030484
2023-05-30,0.06765769230769231,26,0.015147049396681767
2023-05-31,-0.10987692307692308,26,-0.0016181749622925928
2023-06-01,0.032578947368421055,19,-0.0032134278002698877
2023-06-02,0.13958148148148147,27,0.020761168590993168
2023-06-05,-0.039968421052631584,19,0.044064002599090324
2023-06-06,-0.06228181818181819,11,0.012443747415677253
2023-06-07,0.012376923076923075,13,-0.02995777205250888
2023-06-08,0.005262500000000003,16,-0.01488079836829835
2023-06-09,0.18926470588235292,17,0.06896804298642535
2023-06-12,0.08832727272727273,22,0.09428482620320856
2023-06-13,0.007895833333333338,24,0.09516260398098635
2023-06-14,0.054672,25,0.05029836868686871
2023-06-15,0.1489826086956522,23,0.07051681400966185
2023-06-16,0.08624705882352941,34,0.09663388917306054
2023-06-20,-0.014923529411764705,17,0.07343537936913898
2023-06-21,0.036463999999999996,25,0.03592917647058825
2023-06-22,-0.14154615384615382,13,-0.04000189441930616
2023-06-23,0.016382608695652178,23,-0.029566515050167195
2023-06-26,0.011127272727272722,22,-0.03801209080774296
2023-06-27,-0.04297647058823529,17,-0.0051555297217701175
2023-06-28,0.11079130434782607,23,0.02631403549562118
2023-06-29,-0.07186428571428571,14,-0.001349817318231634
2023-06-30,0.16087,20,0.06659900621118013
2023-07-03,0.05694545454545455,11,0.04865038961038962
2023-07-05,0.0005192307692307761,26,0.07277822843822847
2023-07-06,-0.011595833333333328,24,0.015289617327117346
2023-07-07,0.06881739130434783,23,0.019246929580081774
2023-07-10,0.06982352941176471,17,0.042348362460926416
2023-07-11,0.07007333333333333,15,0.06957141801648198
2023-07-12,-0.011575000000000002,16,0.04277395424836603
2023-07-13,0.11044999999999999,18,0.05631611111111112
2023-07-14,0.117025,12,0.07196666666666668
2023-07-17,0.0455,35,0.09099166666666668
2023-07-18,0.09879545454545453,22,0.0871068181818182
2023-07-19,-0.022683333333333337,18,0.040537373737373754
2023-07-20,0.03791851851851852,27,0.03801021324354659
2023-07-21,0.013654999999999995,20,0.009630061728395074
2023-07-24,-0.003222222222222221,27,0.016117098765432113
2023-07-25,0.027029411764705885,17,0.012487396514161234
2023-07-26,0.08391904761904762,21,0.03590874572051044
2023-07-27,0.05809444444444445,18,0.05634763460939932
2023-07-28,0.18944545454545453,22,0.11048631553631554
2023-07-31,0.2038263157894737,19,0.15045540492645756
2023-08-01,0.0774,26,0.15689059011164275
2023-08-02,-0.02695000000000001,22,0.08475877192982456
2023-08-03,-0.1351375,16,-0.028229166666666656
2023-08-04,-0.074995,20,-0.07902749999999999
2023-08-07,0.08371600000000001,25,-0.04213883333333332
2023-08-08,-0.009352000000000001,25,-0.00021033333333332223
2023-08-09,-0.00684137931034483,29,0.022507540229885072
2023-08-10,0.200775,16,0.061527206896551744
2023-08-11,0.08929166666666667,12,0.09440842911877395
2023-08-14,-0.011805555555555548,18,0.09275370370370373
2023-08-15,0.0714421052631579,19,0.04964273879142302
2023-08-16,0.059257142857142855,14,0.03963123085491508
2023-08-17,0.030678571428571437,14,0.053792606516290746
2023-08-18,-0.21148125,16,-0.040515178571428556
2023-08-21,0.09200357142857143,28,-0.02959970238095236
2023-08-22,-0.022929629629629626,27,-0.04746910273368605
2023-08-23,0.12103684210526316,19,0.06337026130140168
2023-08-24,-0.0070884615384615435,26,0.030339583645724016
2023-08-25,-0.028359090909090903,22,0.028529763219236923
2023-08-28,0.01578571428571428,21,-0.006553946053946037
2023-08-29,0.30351999999999996,10,0.0969822077922078
2023-08-30,0.10489583333333334,24,0.1414005158730159
2023-08-31,0.09881176470588235,17,0.1690758660130719
2023-09-01,0.15008,25,0.11792919934640524
2023-09-05,0.044277777777777784,27,0.09772318082788672
2023-09-06,-0.018726086956521736,23,0.0585438969404187
2023-09-07,-0.14999,20,-0.04147943639291463
2023-09-08,-0.16487619047619045,21,-0.11119742581090404
2023-09-11,0.034706249999999994,16,-0.09338664682539681
2023-09-12,0.016330303030303035,33,-0.037946545815295794
2023-09-13,0.10861363636363636,22,0.05321672979797981
2023-09-14,-0.035105555555555557,18,0.02994612794612796
2023-09-15,-0.07484166666666665,24,-0.0004445286195285993
2023-09-18,-0.005907142857142853,14,-0.03861812169312167
2023-09-19,0.01194,15,-0.022936269841269816
2023-09-20,0.02490952380952381,21,0.010314126984127004
2023-09-21,-0.10838461538461538,13,-0.02384503052503051
2023-09-22,-0.1155764705882353,17,-0.06635052072110893
2023-09-25,-0.04084,15,-0.08826702865761687
2023-09-26,0.04214,5,-0.03809215686274508
2023-09-27,-0.029021428571428587,14,-0.00924047619047618
2023-09-28,0.10898461538461537,13,0.04070106227106228
2023-09-29,-0.16972903225806452,31,-0.029921948481625892
2023-10-02,0.13787083333333333,24,0.025708805486628083
2023-10-03,-0.031044827586206893,29,-0.020967675503646005
2023-10-04,-0.041755555555555546,18,0.021690150063856984
2023-10-05,-0.12091666666666667,12,-0.06457234993614301
2023-10-06,0.07862857142857142,21,-0.028014550264550245
2023-10-09,-0.2600190476190476,21,-0.10076904761904759
2023-10-10,0.076875,20,-0.03483849206349204
2023-10-11,-0.0012500000000000022,24,-0.06146468253968251
2023-10-12,0.12764666666666666,15,0.06775722222222225
2023-10-13,0.09603181818181819,22,0.07414282828282831
2023-10-16,0.05713030303030303,33,0.09360292929292931
2023-10-17,0.09048571428571428,21,0.0812159451659452
2023-10-18,0.05472173913043478,23,0.06744591881548406
2023-10-19,0.10729999999999999,23,0.08416915113871637
2023-10-20,-0.09911071428571427,28,0.02097034161490686
2023-10-23,-0.002188888888888885,18,0.0020001322751323053
2023-10-24,0.009374999999999991,16,-0.03064153439153436
2023-10-25,-0.04539285714285714,14,-0.01273558201058198
2023-10-26,-0.10390526315789474,19,-0.0466410401002506
2023-10-27,-0.058461904761904764,21,-0.06925334168755218
2023-10-30,0.1658058823529412,34,0.0011462381443806031
2023-10-31,0.001276190476190481,21,0.036206722689075675
2023-11-01,0.09417142857142857,21,0.08708450046685345
2023-11-02,0.15730588235294118,17,0.08425116713352011
2023-11-03,0.29041538461538463,13,0.1806308985132515
2023-11-06,0.05727600000000001,25,0.16833242232277532
2023-11-07,0.16824583333333332,24,0.17197907264957268
2023-11-08,0.35470416666666665,24,0.1934086666666667
2023-11-09,0.27816315789473683,19,0.26703771929824566
2023-11-10,0.31015333333333334,15,0.3143402192982456
2023-11-13,0.02014347826086956,23,0.20281998982964664
2023-11-14,0.23144285714285717,21,0.18724655624568673
2023-11-15,0.29765,18,0.18307877846790896
2023-11-16,0.10729999999999999,20,0.21213095238095245
2023-11-17,0.059576190476190484,21,0.15484206349206353
2023-11-20,0.13528846153846155,26,0.10072155067155074
2023-11-21,0.15596666666666667,27,0.11694377289377296
2023-11-22,0.19063684210526316,38,0.16063065677013053
2023-11-24,0.051625000000000004,16,0.13274283625731
2023-11-27,0.10210909090909091,22,0.11479031100478475
2023-11-28,0.05692857142857143,14,0.0702208874458875
2023-11-29,-0.017500000000000005,15,0.04717922077922084
2023-11-30,0.0907,15,0.04337619047619053
2023-12-01,0.14043999999999998,20,0.07121333333333338
2023-12-04,0.18501333333333334,30,0.13871777777777783
2023-12-05,-0.059333333333333335,27,0.08870666666666671
2023-12-06,0.08752777777777777,18,0.07106925925925932
2023-12-07,0.100672,25,0.04295548148148154
2023-12-08,0.14786000000000002,20,0.11201992592592598
2023-12-11,0.07815384615384616,39,0.10889528205128211
2023-12-12,0.027941176470588237,17,0.08465167420814486
2023-12-13,0.060439130434782606,23,0.05551138435307238
2023-12-14,0.06434999999999999,18,0.05091010230179033
2023-12-15,0.21231499999999998,20,0.1123680434782609
2023-12-18,0.12119523809523808,21,0.13262007936507939
2023-12-19,0.10906874999999999,16,0.1475263293650794
2023-12-20,-0.182325,16,0.01597966269841274
2023-12-21,-0.0435875,24,-0.03894791666666662
2023-12-22,0.24471874999999998,16,0.006268750000000045
2023-12-26,0.11381904761904763,21,0.10498343253968258
2023-12-27,0.06913,20,0.14255593253968257
2023-12-28,0.09536363636363637,22,0.09277089466089472
2023-12-29,0.176752,25,0.11374854545454549
2024-01-02,0.054504166666666666,24,0.10887326767676771
2024-01-03,0.02010555555555555,18,0.08378724074074079
2024-01-04,0.03265555555555555,18,0.03575509259259264
2024-01-05,0.058505555555555554,18,0.03708888888888893
2024-01-08,0.17500714285714286,28,0.08872275132275137
2024-01-09,0.01683684210526315,19,0.08344984683932057
2024-01-10,-0.05970416666666667,24,0.04404660609857983
2024-01-11,0.17101,20,0.042714225146198874
2024-01-12,0.04225882352941177,17,0.05118821895424841
2024-01-16,0.119325,12,0.1108646078431373
2024-01-17,-0.16902,5,-0.0024787254901960285
2024-01-18,0.0410375,8,-0.0028858333333332867
2024-01-19,0.07568571428571429,49,-0.017432261904761857
2024-01-22,0.09573437500000001,32,0.07081919642857148
2024-01-23,-0.04620909090909091,11,0.04173699945887451
2024-01-24,0.13731333333333332,15,0.06227953914141419
2024-01-25,0.04657857142857142,14,0.04589427128427132
2024-01-26,0.07191764705882353,17,0.08526985060690946
2024-01-29,-0.019300000000000005,9,0.03306540616246503
2024-01-30,0.26475,12,0.10578921568627454
2024-01-31,0.03135555555555555,18,0.09226851851851854
2024-02-01,0.02784545454545455,11,0.10798367003367006
2024-02-02,0.36162307692307694,13,0.14027469567469572
2024-02-05,0.19219999999999998,5,0.1938895104895105
2024-02-06,0.15965000000000001,8,0.23782435897435902
2024-02-07,0.10625555555555555,9,0.1527018518518519
2024-02-08,0.02724814814814815,27,0.09771790123456793
2024-02-09,0.07256764705882353,34,0.06869045025417578
2024-02-12,0.15989583333333335,24,0.08657054284676839
2024-02-13,-0.08271333333333333,15,0.049916715686274545
2024-02-14,-0.12930625,16,-0.017374583333333294
2024-02-15,0.08522142857142857,28,-0.04226605158730155
2024-02-16,-0.019258620689655174,29,-0.021114480706075498
2024-02-20,0.133428,25,0.06646360262725783
2024-02-21,0.010654545454545451,11,0.041607974921630125
2024-02-22,0.10008461538461538,26,0.08138905361305364
2024-02-23,0.1769608695652174,23,0.09590001013479277
2024-02-26,0.024023529411764704,17,0.10035633812053252
2024-02-27,0.01696190476190476,21,0.07264876791296232
2024-02-28,0.10310000000000001,19,0.048028478057889866
2024-02-29,0.15041363636363636,22,0.09015851370851374
2024-03-01,0.2952161290322581,31,0.18290992179863153
2024-03-04,0.1379967741935484,31,0.19454217986314762
